Date,BTC,ETH,BNB,SOL,ADA,XRP
2021-01-01,29331.69,728.91,37.7762,1.842084050178528,0.17509,0.23746
2021-01-02,32178.33,774.56,38.2331,1.799275040626526,0.17742,0.22064
2021-01-03,33000.05,978.28,41.2575,2.1617519855499268,0.20615,0.2254
2021-01-04,31988.71,1041.43,41.1333,2.4850969314575195,0.22528,0.23565
2021-01-05,33949.53,1099.56,41.8219,2.157217025756836,0.25873,0.22573
2021-01-06,36769.36,1208.42,42.2417,1.929216980934143,0.33309,0.24854
2021-01-07,39432.28,1224.87,43.5728,2.3727450370788574,0.29928,0.32389
2021-01-08,40582.81,1216.93,42.356,3.2198870182037354,0.30389,0.32032
2021-01-09,40088.22,1276.0,43.8479,3.3853819370269775,0.33062,0.32419
2021-01-10,38150.02,1254.25,42.4031,3.466110944747925,0.30153,0.31491
2021-01-11,35404.47,1087.01,38.1674,3.1080899238586426,0.2757,0.28743
2021-01-12,34051.24,1050.16,38.2541,3.61339807510376,0.28888,0.29254
2021-01-13,37371.38,1129.89,40.1114,3.513782024383545,0.3123,0.30582
2021-01-14,39144.5,1231.62,41.8723,3.27816390991211,0.31201,0.29642
2021-01-15,36742.22,1168.53,40.8668,3.2501609325408936,0.30188,0.27991
2021-01-16,35994.98,1227.83,43.142,3.4470551013946533,0.35071,0.27924
2021-01-17,35828.61,1232.45,45.8675,3.81813907623291,0.38081,0.27746
2021-01-18,36631.27,1258.45,45.3412,3.7955150604248047,0.37123,0.28528
2021-01-19,35891.49,1365.36,42.5241,3.641865968704224,0.3672,0.29396
2021-01-20,35468.23,1376.99,42.6069,3.723577976226806,0.37532,0.29539
2021-01-21,30850.13,1110.96,38.6343,2.9905359745025635,0.30785,0.26802
2021-01-22,32945.17,1232.62,40.8936,3.346229076385498,0.34867,0.27217
2021-01-23,32078.0,1233.6,40.9109,3.5041120052337646,0.34583,0.27167
2021-01-24,32259.9,1392.51,41.8263,3.634411096572876,0.35345,0.27339
2021-01-25,32254.2,1317.88,41.8347,3.699980974197388,0.34308,0.26757
2021-01-26,32467.77,1365.97,41.8396,4.04734992980957,0.3433,0.26834
2021-01-27,30366.15,1239.03,40.8826,3.690587043762207,0.31144,0.25039
2021-01-28,33364.86,1329.69,42.5254,3.8220720291137695,0.34409,0.26407
2021-01-29,34252.2,1379.5,42.8618,3.8346760272979736,0.34752,0.2829
2021-01-30,34262.88,1378.05,44.7849,4.224276065826416,0.364,0.44372
2021-01-31,33092.98,1312.55,44.3292,4.264143943786621,0.34475,0.49507
2021-02-01,33526.37,1374.17,51.4781,4.611601829528809,0.40876,0.37106
2021-02-02,35466.24,1511.87,51.0071,5.267508029937744,0.42498,0.37254
2021-02-03,37618.87,1664.49,52.12,5.71599006652832,0.44189,0.39721
2021-02-04,36936.66,1595.67,55.9599,6.426064968109131,0.43934,0.44545
2021-02-05,38290.24,1719.19,67.7005,6.681719779968262,0.53917,0.45219
2021-02-06,39186.94,1676.35,72.8356,6.110806941986084,0.63444,0.44307
2021-02-07,38795.69,1611.62,68.3542,6.700462818145752,0.66109,0.41849
2021-02-08,46374.87,1750.15,79.8374,7.8832502365112305,0.67638,0.45099
2021-02-09,46420.42,1769.13,107.3469,7.816792964935303,0.70562,0.47636
2021-02-10,44807.58,1740.78,128.9711,9.072214126586914,0.93966,0.50429
2021-02-11,47969.51,1785.62,124.085,9.215352058410645,0.92796,0.52806
2021-02-12,47287.6,1840.26,136.6139,9.2470121383667,0.92426,0.609
2021-02-13,47153.69,1814.96,133.3496,8.732455253601074,0.91299,0.63309
2021-02-14,48577.79,1800.42,135.8623,8.738896369934082,0.84364,0.59211
2021-02-15,47911.1,1779.25,130.303,8.861739158630371,0.86143,0.54976
2021-02-16,49133.45,1781.99,130.183,8.297866821289062,0.87,0.51995
2021-02-17,52119.71,1849.88,165.3233,8.222577095031738,0.89206,0.53467
2021-02-18,51552.6,1939.61,195.6,8.980451583862305,0.91442,0.53204
2021-02-19,55906.0,1955.0,333.111,11.465653419494627,0.92581,0.56465
2021-02-20,55841.19,1913.0,253.0,10.002663612365724,1.11568,0.51167
2021-02-21,57408.57,1933.53,295.2597,11.0855131149292,1.09894,0.54468
2021-02-22,54087.67,1777.58,267.5147,14.454785346984863,1.09703,0.56646
2021-02-23,48891.0,1577.89,231.3646,15.2015380859375,0.96197,0.47579
2021-02-24,49676.2,1623.39,254.5056,17.30270767211914,1.04902,0.4686
2021-02-25,47073.73,1481.75,234.9146,13.816014289855955,1.07691,0.43601
2021-02-26,46276.87,1444.59,221.717,13.58794116973877,1.24303,0.42788
2021-02-27,46106.43,1458.13,225.3853,13.201168060302734,1.31402,0.43589
2021-02-28,45135.66,1419.18,210.2138,13.08924674987793,1.31203,0.41565
2021-03-01,49587.03,1569.86,254.9637,14.955588340759276,1.29627,0.44537
2021-03-02,48440.65,1486.78,239.6841,13.958921432495115,1.2228,0.4357
2021-03-03,50349.37,1567.69,240.5701,14.115591049194336,1.21311,0.44846
2021-03-04,48374.09,1539.23,229.6369,13.097983360290527,1.11239,0.48096
2021-03-05,48751.71,1528.31,225.4714,12.610443115234377,1.15908,0.45457
2021-03-06,48882.2,1650.35,226.3814,13.036458015441896,1.129,0.46285
2021-03-07,50971.75,1726.16,240.11,13.877732276916504,1.13042,0.46558
2021-03-08,52375.17,1833.18,240.5509,13.602188110351562,1.11848,0.47412
2021-03-09,54884.5,1870.51,293.2052,14.84631061553955,1.1972,0.4849
2021-03-10,55851.59,1795.12,278.4499,14.231083869934082,1.13261,0.46155
2021-03-11,57773.16,1825.78,290.0301,15.992279052734377,1.1243,0.45187
2021-03-12,57221.72,1766.1,263.2201,14.552142143249512,1.03207,0.43934
2021-03-13,61188.39,1922.35,276.2822,15.308802604675291,1.1,0.45787
2021-03-14,58968.31,1848.1,263.238,14.50826644897461,1.05243,0.43905
2021-03-15,55605.2,1793.48,254.5144,14.18666172027588,1.03103,0.43574
2021-03-16,56900.75,1805.12,258.5352,13.622773170471191,1.24924,0.46024
2021-03-17,58912.97,1823.58,269.7896,14.220203399658203,1.377,0.4698
2021-03-18,57648.16,1776.08,261.4816,14.230025291442873,1.22925,0.46893
2021-03-19,58030.01,1809.1,262.935,14.204795837402344,1.29474,0.46651
2021-03-20,58102.28,1806.1,264.3023,14.211980819702148,1.20046,0.52613
2021-03-21,57351.56,1782.98,264.6513,14.332205772399902,1.18561,0.51651
2021-03-22,54083.25,1680.97,254.7976,14.919293403625488,1.1015,0.5441
2021-03-23,54340.89,1668.08,255.4646,14.20483112335205,1.11639,0.5498
2021-03-24,52303.65,1581.84,248.5236,13.661297798156738,1.06902,0.48021
2021-03-25,51293.78,1585.74,233.9466,13.02508544921875,1.0956,0.51058
2021-03-26,55025.59,1698.84,255.2105,14.779420852661133,1.2142,0.56357
2021-03-27,55817.14,1712.63,269.2234,16.50832176208496,1.17678,0.54752
2021-03-28,55777.63,1687.01,268.4263,18.016233444213867,1.18983,0.54552
2021-03-29,57635.47,1816.74,275.2991,18.854808807373047,1.20239,0.56538
2021-03-30,58746.57,1840.46,311.2962,19.233924865722656,1.21189,0.5621
2021-03-31,58740.55,1919.37,302.3724,19.465229034423828,1.19191,0.56982
2021-04-01,58720.44,1968.05,334.7991,19.084901809692383,1.18377,0.57087
2021-04-02,58950.01,2133.69,338.2932,19.810222625732425,1.18998,0.60701
2021-04-03,57051.94,2008.52,321.9497,22.552276611328125,1.16238,0.57831
2021-04-04,58202.01,2075.69,348.8617,24.061323165893555,1.18206,0.635
2021-04-05,59129.99,2107.38,368.0263,22.984283447265625,1.2118,0.91584
2021-04-06,57991.15,2112.21,403.3648,24.95714569091797,1.252,1.09663
2021-04-07,55953.45,1963.47,375.5538,26.47808074951172,1.17359,0.91542
2021-04-08,58077.52,2080.46,418.7048,27.03398704528809,1.21926,1.05599
2021-04-09,58142.54,2066.87,453.9937,27.778274536132812,1.20201,1.01721
2021-04-10,59769.13,2133.49,471.2975,26.84140396118164,1.21747,1.3728
2021-04-11,60002.43,2151.36,525.9275,27.9318904876709,1.26355,1.35118
2021-04-12,59860.0,2137.69,596.7104,28.512123107910156,1.31431,1.46843
2021-04-13,63575.0,2299.19,551.6442,27.4355525970459,1.41246,1.79611
2021-04-14,62959.53,2432.6,550.0182,26.47511100769043,1.45092,1.83468
2021-04-15,63159.98,2514.04,541.8824,27.818313598632812,1.4782,1.75781
2021-04-16,61334.8,2422.67,508.2743,25.39736557006836,1.40989,1.54805
2021-04-17,60006.66,2317.6,514.6861,25.09987449645996,1.36802,1.53896
2021-04-18,56150.01,2235.64,481.4367,32.30291748046875,1.27693,1.40797
2021-04-19,55633.14,2161.12,504.0322,31.67589569091797,1.1945,1.30945
2021-04-20,56425.0,2330.03,586.3635,31.77005386352539,1.26689,1.38501
2021-04-21,53787.63,2357.06,543.6327,32.51304244995117,1.20358,1.29097
2021-04-22,51690.96,2397.94,505.2411,38.8797607421875,1.144,1.15489
2021-04-23,51125.14,2367.39,526.5357,36.97842025756836,1.15866,1.17073
2021-04-24,50047.84,2213.35,496.992,40.7373161315918,1.10287,1.04833
2021-04-25,49066.77,2320.49,505.0,47.36762619018555,1.0913,1.0351
2021-04-26,54001.39,2532.6,535.33,43.97651672363281,1.2375,1.3629
2021-04-27,55011.97,2666.13,568.78,43.2390022277832,1.3063,1.4017
2021-04-28,54846.22,2748.24,562.78,44.825984954833984,1.3379,1.3576
2021-04-29,53555.0,2757.04,599.7,42.460540771484375,1.3063,1.3978
2021-04-30,57694.27,2772.42,622.65,42.95600128173828,1.3532,1.5988
2021-05-01,57800.37,2944.77,620.0,49.50802230834961,1.3516,1.651
2021-05-02,56578.21,2949.56,621.78,46.890987396240234,1.3267,1.5605
2021-05-03,57169.39,3431.04,676.15,45.93368911743164,1.3622,1.5546
2021-05-04,53200.01,3239.01,609.3,42.72955703735352,1.2698,1.3877
2021-05-05,57436.11,3524.26,651.1,44.92357635498047,1.4798,1.6133
2021-05-06,56393.68,3489.73,633.99,43.4556770324707,1.6491,1.6028
2021-05-07,57314.75,3479.53,624.3,43.1550178527832,1.653,1.5793
2021-05-08,58862.05,3910.26,646.1,45.56153106689453,1.6211,1.5611
2021-05-09,58240.84,3923.95,661.74,44.330196380615234,1.7663,1.5345
2021-05-10,55816.14,3945.88,631.1,42.90963363647461,1.6423,1.3906
2021-05-11,56670.02,4173.45,671.91,44.57746887207031,1.7632,1.4786
2021-05-12,49631.32,3823.21,594.65,42.45730972290039,1.5694,1.2691
2021-05-13,49670.97,3717.91,571.1,40.99785232543945,1.9296,1.364
2021-05-14,49841.45,4075.01,602.61,42.717864990234375,2.0069,1.4
2021-05-15,46762.99,3646.68,563.41,43.461307525634766,2.1744,1.4904
2021-05-16,46431.5,3582.1,564.32,47.200828552246094,2.3002,1.4496
2021-05-17,43538.04,3282.51,512.07,46.86320495605469,2.0307,1.4946
2021-05-18,42849.78,3375.07,507.88,55.91096115112305,2.0036,1.5889
2021-05-19,36690.09,2438.92,334.8,35.107181549072266,1.4663,1.0568
2021-05-20,40526.64,2768.62,391.17,44.74274826049805,1.8006,1.1795
2021-05-21,37252.01,2430.98,326.01,38.81285095214844,1.5493,1.0062
2021-05-22,37449.73,2294.87,299.76,31.315582275390625,1.4629,0.9052
2021-05-23,34655.25,2096.39,260.72,24.68874740600586,1.3139,0.7898
2021-05-24,38796.29,2648.43,345.64,31.283571243286133,1.55,0.993
2021-05-25,38324.72,2705.11,343.18,29.99707794189453,1.5532,0.9746
2021-05-26,39241.91,2884.94,379.16,35.539817810058594,1.7791,1.0316
2021-05-27,38529.98,2742.23,369.67,33.584590911865234,1.6552,0.9747
2021-05-28,35663.49,2412.1,328.82,29.039276123046875,1.5133,0.8985
2021-05-29,34605.15,2278.74,305.04,27.376420974731445,1.4029,0.8318
2021-05-30,35641.27,2385.98,325.57,28.602659225463867,1.5751,0.9058
2021-05-31,37253.81,2706.15,353.33,32.816246032714844,1.7373,1.0409
2021-06-01,36693.09,2634.57,362.39,30.985260009765625,1.7363,1.0108
2021-06-02,37568.68,2706.22,401.54,33.95631790161133,1.7534,1.0241
2021-06-03,39246.79,2857.25,428.48,39.47090530395508,1.8453,1.045
2021-06-04,36829.0,2689.51,390.7,37.415069580078125,1.7077,0.9683
2021-06-05,35513.2,2627.73,390.08,39.58539962768555,1.6551,0.923
2021-06-06,35796.31,2711.92,393.73,42.30837631225586,1.6771,0.947
2021-06-07,33552.79,2592.05,357.96,38.262332916259766,1.5659,0.8618
2021-06-08,33380.81,2507.23,352.5,41.51781463623047,1.5819,0.8731
2021-06-09,37388.05,2610.18,375.54,42.031776428222656,1.6279,0.9218
2021-06-10,36675.72,2471.09,351.94,41.09867477416992,1.5328,0.8686
2021-06-11,37331.98,2354.01,345.75,36.046085357666016,1.4371,0.8471
2021-06-12,35546.11,2370.74,343.7,36.441688537597656,1.4789,0.8326
2021-06-13,39020.57,2509.33,365.8,38.77043533325195,1.5566,0.8832
2021-06-14,40516.29,2580.77,370.19,38.71305465698242,1.5769,0.8906
2021-06-15,40144.04,2543.54,366.48,41.15364837646485,1.5552,0.8663
2021-06-16,38349.01,2367.89,347.22,39.703617095947266,1.4851,0.832
2021-06-17,38092.97,2373.28,352.85,39.264591217041016,1.4826,0.8419
2021-06-18,35819.84,2234.09,337.16,36.64879608154297,1.4163,0.7972
2021-06-19,35483.72,2164.67,334.01,35.35343551635742,1.3839,0.7582
2021-06-20,35600.16,2243.47,339.08,35.32201385498047,1.4263,0.7741
2021-06-21,31608.93,1885.49,270.76,26.657400131225582,1.174,0.6067
2021-06-22,32509.56,1879.28,262.1,26.7718563079834,1.1567,0.5468
2021-06-23,33678.07,1968.14,296.25,30.048887252807617,1.2512,0.6383
2021-06-24,34663.09,1989.52,308.62,31.18103408813477,1.3604,0.6731
2021-06-25,31584.45,1808.82,280.81,28.698862075805664,1.2521,0.6111
2021-06-26,32283.65,1829.64,279.65,29.712854385375977,1.2521,0.6162
2021-06-27,34700.34,1982.28,290.87,31.92939186096191,1.338,0.6484
2021-06-28,34494.89,2084.41,290.0,32.92778015136719,1.326,0.6444
2021-06-29,35911.73,2165.33,300.79,33.86680221557617,1.373,0.7063
2021-06-30,35045.0,2275.68,303.71,35.55640411376953,1.3853,0.7063
2021-07-01,33504.69,2106.41,287.43,33.40403366088867,1.3313,0.6591
2021-07-02,33786.55,2154.13,287.17,34.02048110961914,1.3946,0.6556
2021-07-03,34669.13,2226.99,298.13,34.478816986083984,1.4045,0.6732
2021-07-04,35286.51,2322.69,307.62,34.31060028076172,1.4615,0.696
2021-07-05,33690.14,2196.53,302.02,32.984588623046875,1.4039,0.6526
2021-07-06,34220.01,2322.5,319.92,34.26913833618164,1.4157,0.6648
2021-07-07,33862.12,2316.57,327.51,36.59136962890625,1.404,0.6522
2021-07-08,32875.71,2116.33,310.14,33.20372772216797,1.327,0.6215
2021-07-09,33815.81,2146.99,317.09,33.2646484375,1.3504,0.6369
2021-07-10,33502.87,2110.69,316.12,31.788644790649418,1.3356,0.6246
2021-07-11,34258.99,2140.45,322.16,32.17784118652344,1.3485,0.6364
2021-07-12,33086.63,2031.58,316.12,30.848087310791016,1.3126,0.6288
2021-07-13,32729.77,1940.15,308.94,29.12118911743164,1.265,0.6192
2021-07-14,32820.02,1994.58,309.4,31.2810001373291,1.2635,0.6197
2021-07-15,31880.0,1919.51,316.11,28.45210075378418,1.2258,0.5979
2021-07-16,31383.87,1876.26,302.88,26.37000846862793,1.1708,0.5893
2021-07-17,31520.07,1899.59,300.52,26.721668243408203,1.1721,0.5821
2021-07-18,31778.56,1891.64,302.1,26.751909255981445,1.1813,0.5866
2021-07-19,30839.65,1818.73,280.54,24.44757652282715,1.1225,0.557
2021-07-20,29790.35,1786.03,264.44,23.48955535888672,1.0539,0.5284
2021-07-21,32144.51,1995.5,293.26,26.62307929992676,1.1711,0.5719
2021-07-22,32287.83,2024.56,293.36,27.70208168029785,1.1856,0.592
2021-07-23,33634.09,2124.25,299.27,28.513879776000977,1.2077,0.6091
2021-07-24,34258.14,2184.75,301.56,28.702619552612305,1.2327,0.6085
2021-07-25,35381.02,2189.79,302.56,28.168773651123047,1.2284,0.6069
2021-07-26,37237.6,2228.08,304.0,28.306642532348633,1.2551,0.6234
2021-07-27,39457.87,2299.49,313.48,28.065326690673828,1.2799,0.6451
2021-07-28,40019.56,2300.9,313.8,27.815410614013672,1.2875,0.7327
2021-07-29,40016.48,2382.92,317.03,31.281137466430664,1.2856,0.7488
2021-07-30,42206.37,2461.81,322.58,32.393943786621094,1.3108,0.7521
2021-07-31,41461.83,2531.05,332.38,36.82731246948242,1.3193,0.746
2021-08-01,39845.44,2555.69,332.59,34.25436019897461,1.3142,0.7242
2021-08-02,39147.82,2606.93,330.55,33.22241973876953,1.3083,0.738
2021-08-03,38207.05,2509.04,323.43,33.99644088745117,1.3696,0.7136
2021-08-04,39723.18,2724.78,334.77,35.76362609863281,1.3765,0.731
2021-08-05,40862.46,2826.99,337.91,37.35513687133789,1.3859,0.7327
2021-08-06,42836.87,2891.58,342.39,39.446102142333984,1.4025,0.7474
2021-08-07,44572.54,3160.31,356.18,39.403472900390625,1.4727,0.8162
2021-08-08,43794.37,3011.85,341.79,37.673824310302734,1.4255,0.7788
2021-08-09,46253.4,3160.52,354.32,38.767784118652344,1.4745,0.817
2021-08-10,45584.99,3141.66,371.92,40.63979721069336,1.678,0.8511
2021-08-11,45511.0,3160.5,390.96,41.74411392211914,1.7934,1.0105
2021-08-12,44399.0,3045.96,385.66,41.099361419677734,1.8324,0.966
2021-08-13,47800.0,3322.32,410.76,44.894500732421875,2.1386,1.0901
2021-08-14,47068.51,3263.16,408.67,44.112850189208984,2.1878,1.2791
2021-08-15,46973.82,3307.09,414.05,53.74515914916992,2.1667,1.2839
2021-08-16,45901.29,3146.53,415.72,62.432464599609375,2.0714,1.1855
2021-08-17,44695.95,3011.72,401.8,64.21070861816406,1.9239,1.0978
2021-08-18,44705.29,3014.55,396.15,72.5433120727539,2.1043,1.1431
2021-08-19,46760.62,3184.12,431.27,72.75760650634766,2.4411,1.2347
2021-08-20,49322.47,3284.82,454.93,78.72461700439453,2.4557,1.2629
2021-08-21,48821.87,3223.43,448.74,73.75621032714844,2.4341,1.2158
2021-08-22,49239.22,3238.0,448.68,72.80391693115234,2.7049,1.226
2021-08-23,49488.85,3321.28,499.06,75.70803833007812,2.9152,1.2457
2021-08-24,47674.01,3170.62,471.62,70.67090606689453,2.7187,1.1353
2021-08-25,48973.32,3226.87,503.19,71.95156860351562,2.739,1.1735
2021-08-26,46843.87,3093.2,478.1,75.31620788574219,2.528,1.0712
2021-08-27,49069.9,3273.45,494.5,88.08698272705078,2.946,1.1918
2021-08-28,48895.35,3244.48,486.2,96.7031707763672,2.847,1.1459
2021-08-29,48767.83,3223.47,479.7,94.46967315673828,2.851,1.1408
2021-08-30,46982.91,3229.64,460.3,110.54480743408205,2.734,1.1002
2021-08-31,47100.89,3429.2,463.9,108.48377227783205,2.767,1.1856
2021-09-01,48810.52,3826.82,489.4,111.0330047607422,2.869,1.2362
2021-09-02,49246.64,3785.82,483.7,128.10238647460938,2.96,1.2533
2021-09-03,49999.14,3938.11,488.5,146.5830535888672,2.966,1.2907
2021-09-04,49915.64,3885.52,497.7,139.11306762695312,2.83,1.2548
2021-09-05,51756.88,3950.29,504.8,142.0708770751953,2.91,1.3076
2021-09-06,52663.9,3926.77,496.1,164.38092041015625,2.833,1.3894
2021-09-07,46863.73,3434.57,418.7,173.14892578125,2.514,1.1292
2021-09-08,46048.31,3499.0,415.0,191.04139709472656,2.47,1.0998
2021-09-09,46395.14,3424.93,421.3,188.19580078125,2.518,1.0868
2021-09-10,44850.91,3208.86,401.4,179.865234375,2.383,1.0552
2021-09-11,45173.69,3267.21,405.1,178.8678741455078,2.638,1.0787
2021-09-12,46025.24,3404.21,416.3,174.53762817382812,2.581,1.1181
2021-09-13,44940.73,3285.35,399.1,169.26954650878906,2.402,1.0643
2021-09-14,47111.52,3434.37,414.3,158.09481811523438,2.396,1.0963
2021-09-15,48121.41,3613.55,431.3,159.1173858642578,2.505,1.1207
2021-09-16,47737.82,3567.98,424.3,152.47406005859375,2.417,1.0902
2021-09-17,47299.98,3399.81,406.6,147.5930633544922,2.35,1.0661
2021-09-18,48292.74,3435.64,410.7,169.18421936035156,2.371,1.0751
2021-09-19,47241.75,3328.62,408.6,152.51669311523438,2.283,1.0483
2021-09-20,43015.62,2977.28,364.1,132.13446044921875,2.079,0.9216
2021-09-21,40734.38,2765.9,344.4,123.9503936767578,1.986,0.8743
2021-09-22,43543.61,3076.92,379.0,147.92425537109375,2.257,1.0033
2021-09-23,44865.26,3152.5,383.5,149.75357055664062,2.327,1.0016
2021-09-24,42810.57,2928.53,355.0,139.39564514160156,2.277,0.944
2021-09-25,42670.64,2921.73,349.6,136.17892456054688,2.3,0.94
2021-09-26,43160.9,3059.37,344.0,135.69937133789062,2.207,0.9436
2021-09-27,42147.35,2925.59,335.5,136.72842407226562,2.13,0.9218
2021-09-28,41026.54,2804.91,333.0,131.53721618652344,2.037,0.8928
2021-09-29,41524.28,2850.45,367.7,135.35145568847656,2.066,0.9268
2021-09-30,43824.1,3000.61,387.5,141.0690460205078,2.115,0.9533
2021-10-01,48141.61,3309.91,421.5,161.682373046875,2.256,1.0422
2021-10-02,47634.9,3387.76,427.1,169.093017578125,2.247,1.0359
2021-10-03,48200.01,3417.73,430.5,172.5891571044922,2.251,1.0552
2021-10-04,49224.94,3386.31,426.3,166.73191833496094,2.191,1.0425
2021-10-05,51471.99,3515.27,442.1,164.11582946777344,2.233,1.0839
2021-10-06,55315.0,3574.89,434.9,154.1077423095703,2.209,1.0765
2021-10-07,53785.22,3587.47,438.5,154.28118896484375,2.278,1.0678
2021-10-08,53951.43,3563.13,419.2,158.94920349121094,2.237,1.0636
2021-10-09,54949.72,3574.82,421.9,156.82583618164062,2.268,1.1604
2021-10-10,54659.0,3414.22,404.1,148.0487060546875,2.189,1.1352
2021-10-11,57471.35,3542.12,413.1,144.85813903808594,2.171,1.1364
2021-10-12,55996.93,3491.46,444.2,152.73712158203125,2.118,1.1018
2021-10-13,57367.0,3607.42,470.8,148.17604064941406,2.19,1.1275
2021-10-14,57347.94,3790.82,472.7,149.75680541992188,2.172,1.1336
2021-10-15,61672.42,3868.99,474.5,162.59620666503906,2.218,1.1413
2021-10-16,60875.57,3829.96,465.8,157.538818359375,2.179,1.1343
2021-10-17,61528.33,3846.85,470.9,159.74380493164062,2.158,1.0944
2021-10-18,62009.84,3744.96,484.9,157.2312774658203,2.128,1.0827
2021-10-19,64280.59,3877.03,488.1,156.01702880859375,2.11,1.0911
2021-10-20,66001.41,4161.15,501.3,175.94686889648438,2.19,1.1455
2021-10-21,62193.15,4052.99,470.9,190.3184356689453,2.137,1.0886
2021-10-22,60688.22,3972.2,479.3,196.43153381347656,2.156,1.0885
2021-10-23,61286.75,4167.12,485.5,197.703857421875,2.166,1.0934
2021-10-24,60852.22,4082.33,475.8,202.3619842529297,2.12,1.0821
2021-10-25,63078.78,4220.37,485.1,210.1042938232422,2.144,1.0951
2021-10-26,60328.81,4131.52,478.1,199.8072509765625,2.137,1.1075
2021-10-27,58413.44,3922.0,448.7,183.77459716796875,1.912,0.995
2021-10-28,60575.89,4286.02,491.9,194.86398315429688,1.987,1.0579
2021-10-29,62253.71,4418.89,530.3,200.18275451660156,2.015,1.0825
2021-10-30,61859.19,4322.68,528.3,195.4160614013672,1.955,1.0846
2021-10-31,61299.8,4287.21,524.6,202.4210205078125,1.964,1.1128
2021-11-01,60911.11,4319.43,551.3,203.5450897216797,1.949,1.0915
2021-11-02,63219.99,4589.89,554.4,220.23959350585935,1.971,1.1349
2021-11-03,62896.48,4603.35,568.4,242.89881896972656,2.063,1.2101
2021-11-04,61395.01,4532.32,558.7,247.3877716064453,1.983,1.2004
2021-11-05,60937.12,4474.24,607.3,236.47433471679688,1.982,1.1581
2021-11-06,61470.61,4518.0,637.7,258.934326171875,2.005,1.151
2021-11-07,63273.59,4612.59,649.6,249.823486328125,2.021,1.2198
2021-11-08,67525.83,4807.98,653.5,248.46717834472656,2.125,1.2815
2021-11-09,66947.66,4732.33,635.0,239.213134765625,2.27,1.2571
2021-11-10,64882.43,4628.78,614.1,233.7795257568359,2.097,1.1902
2021-11-11,64774.26,4719.0,628.4,234.24075317382812,2.079,1.2142
2021-11-12,64122.23,4665.46,626.9,228.50209045410156,2.045,1.1883
2021-11-13,64380.0,4644.28,649.5,241.8250274658203,2.05,1.1892
2021-11-14,65519.1,4626.5,650.8,238.4255218505859,2.04,1.1879
2021-11-15,63606.74,4563.78,633.8,237.55360412597656,2.017,1.172
2021-11-16,60058.87,4209.76,588.7,219.2390289306641,1.874,1.0877
2021-11-17,60344.87,4287.8,578.0,218.7152404785156,1.876,1.0953
2021-11-18,56891.62,3996.9,531.8,195.48741149902344,1.786,1.0406
2021-11-19,58052.24,4294.76,581.0,215.2800140380859,1.863,1.0892
2021-11-20,59707.51,4412.17,604.3,218.01527404785156,1.922,1.0965
2021-11-21,58622.02,4258.31,584.0,231.2826232910156,1.835,1.0569
2021-11-22,56247.18,4085.97,559.3,215.73727416992188,1.776,1.0354
2021-11-23,57541.27,4339.44,591.1,221.83689880371097,1.751,1.0661
2021-11-24,57138.29,4269.36,590.3,214.92153930664065,1.666,1.0326
2021-11-25,58960.36,4524.85,639.1,206.25299072265625,1.675,1.0438
2021-11-26,53726.53,4041.2,587.3,191.51174926757812,1.533,0.9394
2021-11-27,54721.03,4095.29,599.9,193.10215759277344,1.543,0.9452
2021-11-28,57274.88,4294.78,611.3,200.67665100097656,1.594,0.9687
2021-11-29,57776.25,4444.53,623.4,204.31936645507812,1.601,0.9898
2021-11-30,56950.56,4630.26,622.5,208.6709899902344,1.554,0.9983
2021-12-01,57184.07,4582.95,627.5,229.7992401123047,1.548,0.9899
2021-12-02,56480.34,4511.21,619.9,233.9930419921875,1.719,0.9716
2021-12-03,53601.05,4215.73,595.0,211.22439575195312,1.556,0.9211
2021-12-04,49152.47,4117.25,568.6,201.1248321533203,1.42,0.8449
2021-12-05,49396.33,4196.44,557.8,196.1682586669922,1.378,0.8045
2021-12-06,50441.92,4347.59,587.5,194.19921875,1.42,0.8255
2021-12-07,50588.95,4306.4,578.7,190.5969085693359,1.378,0.8154
2021-12-08,50471.19,4436.91,607.2,194.6217041015625,1.396,0.8622
2021-12-09,47545.59,4105.64,570.2,181.17808532714844,1.289,0.8583
2021-12-10,47140.54,3897.94,552.4,167.954833984375,1.211,0.7992
2021-12-11,49389.99,4089.37,564.5,171.94949340820312,1.354,0.8392
2021-12-12,50053.9,4130.0,570.3,173.43167114257812,1.346,0.8393
2021-12-13,46702.75,3781.93,521.0,155.2130584716797,1.223,0.7818
2021-12-14,48343.28,3858.99,528.1,153.34144592285156,1.266,0.8103
2021-12-15,48864.98,4019.08,541.1,178.34078979492188,1.311,0.8262
2021-12-16,47632.38,3958.11,526.2,176.9546661376953,1.24,0.8051
2021-12-17,46131.2,3875.42,525.5,175.5032958984375,1.218,0.7966
2021-12-18,46834.48,3959.93,533.9,182.8351287841797,1.242,0.8262
2021-12-19,46681.23,3924.14,529.8,180.09805297851562,1.243,0.835
2021-12-20,46914.16,3944.73,524.0,173.67178344726562,1.237,0.8798
2021-12-21,48889.88,4014.15,528.3,180.09254455566406,1.28,0.9467
2021-12-22,48588.16,3979.51,533.6,178.5971221923828,1.327,0.9537
2021-12-23,50838.81,4111.41,549.0,190.03631591796875,1.475,0.9941
2021-12-24,50820.0,4046.36,542.1,190.273193359375,1.392,0.9115
2021-12-25,50399.66,4094.83,547.4,193.1209259033203,1.452,0.9252
2021-12-26,50775.49,4063.56,546.4,198.000732421875,1.455,0.92
2021-12-27,50701.44,4037.23,563.7,195.42950439453125,1.516,0.9269
2021-12-28,47543.74,3792.75,534.2,177.42562866210938,1.4,0.8515
2021-12-29,46464.66,3630.19,514.5,170.65756225585938,1.332,0.8171
2021-12-30,47120.87,3709.27,518.5,172.75119018554688,1.359,0.8386
2021-12-31,46216.93,3676.23,511.4,170.299072265625,1.308,0.8297
2022-01-01,47722.65,3765.54,527.3,178.5179443359375,1.38,0.8507
2022-01-02,47286.18,3828.27,531.0,176.38284301757812,1.377,0.8586
2022-01-03,46446.1,3765.89,511.9,170.29774475097656,1.319,0.8324
2022-01-04,45832.01,3785.11,506.9,167.93890380859375,1.309,0.8228
2022-01-05,43451.13,3540.63,474.1,155.0997314453125,1.23,0.7726
2022-01-06,43082.31,3406.81,472.6,150.4313507080078,1.28,0.7791
2022-01-07,41566.48,3199.24,448.1,136.40281677246094,1.21,0.7634
2022-01-08,41679.74,3080.95,429.9,142.51345825195312,1.181,0.7452
2022-01-09,41864.62,3151.97,438.7,140.83900451660156,1.17,0.753
2022-01-10,41822.49,3082.68,424.7,135.95494079589844,1.123,0.7399
2022-01-11,42729.29,3239.72,463.6,140.18385314941406,1.187,0.7703
2022-01-12,43902.66,3371.26,487.8,151.70310974121094,1.312,0.7987
2022-01-13,42560.11,3240.61,475.2,146.01004028320312,1.233,0.768
2022-01-14,43059.96,3307.42,490.0,146.15902709960938,1.292,0.7732
2022-01-15,43084.29,3326.04,494.5,147.80117797851562,1.291,0.7791
2022-01-16,43071.66,3346.88,498.6,147.8565216064453,1.41,0.7784
2022-01-17,42201.62,3209.67,475.2,139.92601013183594,1.603,0.7617
2022-01-18,42352.12,3159.85,471.4,141.58718872070312,1.458,0.7509
2022-01-19,41660.01,3084.02,461.9,135.79238891601562,1.337,0.7381
2022-01-20,40680.91,3001.48,440.2,127.20528411865234,1.259,0.7199
2022-01-21,36445.31,2568.15,383.9,111.96605682373048,1.12,0.6368
2022-01-22,35071.42,2412.18,358.3,94.1783676147461,1.071,0.5966
2022-01-23,36244.55,2539.01,383.9,99.5782241821289,1.124,0.6283
2022-01-24,36660.35,2439.29,371.3,91.65016174316406,1.065,0.6118
2022-01-25,36958.32,2458.83,385.1,94.72035217285156,1.043,0.618
2022-01-26,36809.34,2462.99,375.1,92.23804473876952,1.077,0.6193
2022-01-27,37160.1,2424.25,389.9,89.63249206542969,1.042,0.6088
2022-01-28,37716.56,2544.99,385.9,91.31289672851562,1.048,0.6111
2022-01-29,38166.84,2601.43,389.3,96.2234878540039,1.059,0.6174
2022-01-30,37881.76,2601.68,377.2,93.29767608642578,1.035,0.6013
2022-01-31,38466.9,2686.94,374.3,99.73883819580078,1.051,0.6174
2022-02-01,38694.59,2787.23,384.2,109.9789810180664,1.096,0.6284
2022-02-02,36896.36,2680.67,366.9,101.8376007080078,1.027,0.6006
2022-02-03,37311.61,2695.46,372.3,101.45903778076172,1.061,0.6102
2022-02-04,41574.25,2994.99,399.5,112.17424774169922,1.138,0.6555
2022-02-05,41382.59,3012.65,413.7,113.89430236816406,1.125,0.6656
2022-02-06,42380.87,3054.99,419.9,115.2997589111328,1.143,0.6825
2022-02-07,43839.99,3139.77,433.5,117.35514831542967,1.199,0.8314
2022-02-08,44042.99,3116.69,407.8,113.5954818725586,1.176,0.8763
2022-02-09,44372.72,3243.94,422.9,114.01937866210938,1.195,0.8697
2022-02-10,43495.44,3072.49,414.7,106.20280456542967,1.15,0.8253
2022-02-11,42373.73,2927.54,400.0,96.3818817138672,1.079,0.7591
2022-02-12,42217.87,2918.88,403.6,95.91820526123048,1.059,0.8223
2022-02-13,42053.66,2871.13,397.9,93.24410247802734,1.042,0.8057
2022-02-14,42535.94,2929.75,403.4,96.43327331542967,1.049,0.8012
2022-02-15,44544.86,3183.52,432.4,104.87330627441406,1.107,0.8515
2022-02-16,43873.56,3122.3,427.3,101.93289947509766,1.082,0.8366
2022-02-17,40515.7,2891.87,402.4,93.4104232788086,1.02,0.769
2022-02-18,39974.44,2779.48,399.2,90.06546020507812,0.995,0.784
2022-02-19,40079.17,2763.63,399.8,91.49665069580078,0.996,0.8215
2022-02-20,38386.89,2621.99,380.6,90.9014129638672,0.931,0.7769
2022-02-21,37008.16,2568.02,356.6,83.12316131591797,0.856,0.7018
2022-02-22,38230.33,2636.29,374.3,86.46538543701172,0.888,0.7209
2022-02-23,37250.01,2579.71,365.6,84.90278625488281,0.866,0.6967
2022-02-24,38327.21,2596.2,361.2,89.19474792480469,0.853,0.6963
2022-02-25,39219.17,2768.49,375.0,92.59882354736328,0.898,0.7699
2022-02-26,39116.72,2779.47,373.7,90.14156341552734,0.887,0.7508
2022-02-27,37699.07,2616.79,360.1,85.51905059814453,0.856,0.7215
2022-02-28,43160.0,2920.95,395.6,99.52034759521484,0.962,0.7809
2022-03-01,44421.2,2976.33,408.7,98.65355682373048,0.963,0.7839
2022-03-02,43892.98,2947.3,409.3,100.6496353149414,0.939,0.7687
2022-03-03,42454.0,2833.99,402.6,95.53919982910156,0.903,0.7515
2022-03-04,39148.66,2622.1,374.2,88.24597930908203,0.844,0.7127
2022-03-05,39397.96,2665.15,384.7,89.64784240722656,0.864,0.754
2022-03-06,38420.81,2551.29,375.0,84.54218292236328,0.823,0.7251
2022-03-07,37988.0,2491.12,380.6,82.13006591796875,0.793,0.7197
2022-03-08,38730.63,2575.97,381.4,82.2547607421875,0.802,0.7207
2022-03-09,41941.71,2726.98,393.2,88.20206451416016,0.849,0.7658
2022-03-10,39422.0,2606.7,372.0,82.9390869140625,0.807,0.7361
2022-03-11,38729.57,2556.86,371.9,80.7449951171875,0.788,0.8029
2022-03-12,38807.36,2568.8,372.4,81.55381774902344,0.789,0.7857
2022-03-13,37777.34,2515.65,361.4,78.93607330322266,0.786,0.7602
2022-03-14,39671.37,2589.41,373.4,81.17333984375,0.802,0.7748
2022-03-15,39280.33,2617.73,371.7,82.95508575439453,0.8,0.7657
2022-03-16,41114.0,2773.81,385.4,87.90362548828125,0.838,0.7919
2022-03-17,40917.9,2811.92,391.8,87.87684631347656,0.835,0.7935
2022-03-18,41757.51,2938.92,397.2,89.82203674316406,0.851,0.7965
2022-03-19,42201.13,2950.84,399.9,92.41815185546876,0.903,0.8194
2022-03-20,41262.11,2861.38,390.8,88.61486053466797,0.879,0.8057
2022-03-21,41002.25,2890.03,396.0,88.7572021484375,0.917,0.8373
2022-03-22,42364.13,2969.64,404.3,90.51296997070312,0.975,0.8366
2022-03-23,42882.76,3036.0,408.4,95.1026840209961,1.108,0.8376
2022-03-24,43991.46,3110.76,414.2,102.22369384765624,1.131,0.8428
2022-03-25,44313.16,3102.14,410.3,98.6581039428711,1.096,0.8239
2022-03-26,44511.27,3145.0,415.8,101.7641830444336,1.152,0.8327
2022-03-27,46827.76,3295.65,430.5,107.08422088623048,1.184,0.858
2022-03-28,47122.21,3332.92,430.2,106.46525573730467,1.17,0.8641
2022-03-29,47434.8,3400.51,434.2,111.71031188964844,1.191,0.8577
2022-03-30,47067.99,3385.79,442.1,120.6994857788086,1.189,0.8613
2022-03-31,45510.34,3281.51,428.9,122.66146087646484,1.141,0.8148
2022-04-01,46283.49,3455.21,447.7,134.43093872070312,1.165,0.8277
2022-04-02,45811.0,3443.77,437.2,132.19886779785156,1.155,0.824
2022-04-03,46407.35,3521.91,450.4,136.77532958984375,1.186,0.8432
2022-04-04,46580.51,3519.5,447.6,132.41262817382812,1.212,0.826
2022-04-05,45497.55,3406.99,444.7,126.86223602294922,1.171,0.8164
2022-04-06,43170.47,3168.51,420.1,112.88338470458984,1.052,0.7595
2022-04-07,43444.19,3227.19,436.0,118.79651641845705,1.089,0.7871
2022-04-08,42252.01,3192.39,421.5,109.8008804321289,1.024,0.7549
2022-04-09,42753.97,3258.57,426.6,112.97279357910156,1.045,0.7622
2022-04-10,42158.85,3203.04,418.1,111.74243927001952,1.027,0.7543
2022-04-11,39530.45,2979.74,394.6,99.33910369873048,0.92,0.6948
2022-04-12,40074.94,3027.66,413.6,103.30638885498048,0.955,0.7152
2022-04-13,41147.79,3118.28,423.4,105.00194549560548,0.974,0.7232
2022-04-14,39942.38,3021.98,414.7,100.70780181884766,0.933,0.7262
2022-04-15,40551.9,3040.56,417.3,101.30977630615234,0.956,0.7858
2022-04-16,40378.71,3059.3,417.3,102.25731658935548,0.951,0.7808
2022-04-17,39678.12,2988.06,406.6,100.40969848632812,0.914,0.7519
2022-04-18,40801.13,3055.56,416.8,102.15853118896484,0.937,0.7699
2022-04-19,41493.18,3101.77,422.3,108.58203125,0.952,0.7749
2022-04-20,41358.19,3076.04,418.4,105.49700164794922,0.937,0.7517
2022-04-21,40480.01,2983.58,404.9,101.77613830566406,0.91,0.7328
2022-04-22,39709.18,2962.39,406.6,100.61205291748048,0.906,0.7179
2022-04-23,39441.6,2933.03,401.1,100.74443817138672,0.886,0.7057
2022-04-24,39450.13,2921.0,398.8,99.2357940673828,0.886,0.6981
2022-04-25,40426.08,3006.62,404.3,101.24763488769533,0.8974,0.6931
2022-04-26,38112.65,2809.67,385.9,95.78215026855467,0.8259,0.642
2022-04-27,39235.72,2888.96,391.3,98.37886810302734,0.8401,0.6522
2022-04-28,39742.07,2936.93,407.1,98.18572998046876,0.8432,0.6428
2022-04-29,38596.11,2817.13,393.0,94.01134490966795,0.8048,0.6116
2022-04-30,37630.8,2726.66,377.1,85.09593200683594,0.7556,0.5845
2022-05-01,38468.35,2824.81,389.9,89.6715087890625,0.7895,0.607
2022-05-02,38525.16,2856.54,389.5,87.58101654052734,0.7809,0.6143
2022-05-03,37728.95,2781.7,383.9,85.84237670898438,0.7711,0.6047
2022-05-04,39690.0,2940.64,402.6,92.7708511352539,0.8985,0.6459
2022-05-05,36552.97,2747.97,378.4,84.59602355957031,0.7884,0.5981
2022-05-06,36013.77,2692.85,379.1,81.76410675048828,0.7832,0.6022
2022-05-07,35472.39,2635.34,365.5,78.9834213256836,0.7604,0.5808
2022-05-08,34038.4,2519.71,355.9,75.22018432617188,0.7403,0.5662
2022-05-09,30076.31,2228.55,296.1,63.2696533203125,0.6019,0.4873
2022-05-10,31017.1,2342.05,319.1,66.76615142822266,0.6286,0.513
2022-05-11,29103.94,2084.99,271.5,50.21084976196289,0.5187,0.4172
2022-05-12,29029.75,1960.22,269.0,44.683589935302734,0.4733,0.3856
2022-05-13,29287.05,2009.69,290.6,48.59355163574219,0.529,0.4228
2022-05-14,30086.74,2056.48,296.9,52.4172248840332,0.5372,0.4262
2022-05-15,31328.89,2145.29,312.4,58.81126022338867,0.5981,0.4481
2022-05-16,29874.01,2023.66,297.2,53.646461486816406,0.5569,0.4231
2022-05-17,30444.93,2090.72,306.2,57.12562561035156,0.5778,0.438
2022-05-18,28715.32,1915.11,287.7,49.75621032714844,0.5059,0.4056
2022-05-19,30319.23,2019.55,307.1,52.2139778137207,0.5334,0.4205
2022-05-20,29201.01,1959.08,302.2,49.53850936889648,0.5162,0.4101
2022-05-21,29445.06,1975.07,312.4,50.3179817199707,0.5286,0.4145
2022-05-22,30293.94,2043.19,319.4,52.75518035888672,0.5416,0.4218
2022-05-23,29109.15,1973.32,317.2,49.05685043334961,0.5134,0.4052
2022-05-24,29654.58,1979.41,328.3,49.65333557128906,0.5219,0.4086
2022-05-25,29542.15,1942.63,325.7,47.982425689697266,0.5146,0.406
2022-05-26,29201.35,1792.23,303.0,43.4912109375,0.4789,0.392
2022-05-27,28629.8,1727.27,301.6,40.981346130371094,0.4566,0.3819
2022-05-28,29031.33,1792.22,307.5,44.343162536621094,0.4646,0.3863
2022-05-29,29468.1,1813.64,305.8,44.90961456298828,0.482,0.3891
2022-05-30,31734.22,1998.78,321.8,47.179443359375,0.5698,0.4187
2022-05-31,31801.04,1941.9,320.9,45.76784133911133,0.6268,0.4217
2022-06-01,29805.83,1817.95,300.4,40.26966857910156,0.5516,0.398
2022-06-02,30452.62,1834.08,308.3,40.8913459777832,0.5871,0.4055
2022-06-03,29700.21,1775.12,298.6,38.259220123291016,0.56,0.3904
2022-06-04,29864.04,1804.58,301.3,38.93144607543945,0.5665,0.3925
2022-06-05,29919.21,1806.23,299.1,38.48053359985352,0.5674,0.3953
2022-06-06,31373.1,1859.84,295.1,42.43313217163086,0.6091,0.4026
2022-06-07,31125.33,1813.33,290.3,39.43757247924805,0.6141,0.4076
2022-06-08,30204.77,1791.88,288.5,38.84336853027344,0.6408,0.4006
2022-06-09,30109.93,1788.81,289.9,39.97260665893555,0.6323,0.4002
2022-06-10,29091.88,1662.91,286.4,37.08976745605469,0.5744,0.3815
2022-06-11,28424.7,1532.89,269.9,33.82111740112305,0.554,0.3599
2022-06-12,26574.53,1434.84,254.8,30.74327087402344,0.4904,0.3433
2022-06-13,22487.41,1209.82,223.0,28.19236183166504,0.4644,0.3118
2022-06-14,22136.41,1208.9,223.0,29.714618682861328,0.4831,0.3214
2022-06-15,22583.72,1237.52,233.6,34.48794174194336,0.5348,0.3436
2022-06-16,20401.31,1068.5,210.2,29.989742279052734,0.4762,0.3132
2022-06-17,20468.81,1086.94,215.8,30.742919921875,0.4872,0.321
2022-06-18,18970.79,995.13,197.0,31.80793571472168,0.4549,0.3075
2022-06-19,20574.0,1128.53,215.1,34.24374771118164,0.4848,0.3264
2022-06-20,20573.89,1128.24,216.5,35.4171142578125,0.4915,0.3227
2022-06-21,20723.52,1125.85,220.1,36.12115859985352,0.4813,0.3294
2022-06-22,19987.99,1050.19,214.4,34.12163543701172,0.4594,0.3223
2022-06-23,21110.13,1144.72,228.9,38.17523193359375,0.48,0.3358
2022-06-24,21237.69,1225.02,240.2,42.2120475769043,0.4981,0.3672
2022-06-25,21491.19,1242.36,239.7,42.33281326293945,0.4984,0.3676
2022-06-26,21038.07,1197.79,233.9,39.40808868408203,0.4899,0.3592
2022-06-27,20742.56,1192.51,233.8,38.45125198364258,0.4856,0.3537
2022-06-28,20281.29,1144.05,226.9,35.326438903808594,0.4694,0.3375
2022-06-29,20123.01,1100.21,219.7,33.8739013671875,0.4662,0.3296
2022-06-30,19942.21,1071.01,219.6,33.588417053222656,0.4599,0.3321
2022-07-01,19279.8,1059.73,216.9,32.803070068359375,0.4487,0.3139
2022-07-02,19252.81,1067.01,218.3,33.35940933227539,0.4559,0.3156
2022-07-03,19315.83,1074.26,219.2,33.38593292236328,0.4561,0.3215
2022-07-04,20236.71,1151.0,231.5,36.785030364990234,0.4695,0.3287
2022-07-05,20175.83,1132.5,230.8,35.39555358886719,0.4571,0.3252
2022-07-06,20564.51,1186.57,238.6,37.07356262207031,0.4623,0.3324
2022-07-07,21624.98,1237.49,241.4,38.518306732177734,0.4776,0.3422
2022-07-08,21594.75,1214.04,240.7,38.286720275878906,0.4661,0.3402
2022-07-09,21591.83,1217.02,243.3,38.07196044921875,0.478,0.3448
2022-07-10,20862.47,1168.36,234.7,36.697608947753906,0.4624,0.3255
2022-07-11,19963.61,1096.4,225.6,33.463600158691406,0.4347,0.3152
2022-07-12,19328.75,1038.58,220.6,32.75759506225586,0.4171,0.3116
2022-07-13,20234.87,1115.0,230.5,34.91093826293945,0.4383,0.3237
2022-07-14,20588.84,1193.42,238.5,37.10782241821289,0.4416,0.3338
2022-07-15,20830.04,1231.25,238.5,37.41592788696289,0.4421,0.3342
2022-07-16,21195.6,1355.85,249.8,39.57412338256836,0.4578,0.3505
2022-07-17,20798.16,1338.65,247.8,38.64472198486328,0.4478,0.3433
2022-07-18,22432.58,1581.04,264.1,43.74615859985352,0.4904,0.3653
2022-07-19,23396.62,1542.32,268.6,44.89987564086914,0.5152,0.3729
2022-07-20,23223.3,1521.58,258.2,42.09366989135742,0.491,0.3635
2022-07-21,23152.19,1575.45,265.6,43.19059371948242,0.4993,0.3669
2022-07-22,22684.83,1535.27,262.4,40.61850357055664,0.4828,0.3578
2022-07-23,22451.07,1548.67,259.2,40.040977478027344,0.517,0.3592
2022-07-24,22579.68,1597.7,261.4,41.00658416748047,0.512,0.3586
2022-07-25,21310.9,1440.79,244.6,36.71199798583984,0.4752,0.3362
2022-07-26,21254.67,1449.12,249.4,36.19085311889648,0.4677,0.3372
2022-07-27,22952.45,1635.74,271.6,40.3078498840332,0.5111,0.3594
2022-07-28,23842.93,1724.52,277.2,42.84526824951172,0.513,0.3739
2022-07-29,23773.75,1721.68,293.6,41.926998138427734,0.5218,0.3679
2022-07-30,23643.51,1697.0,287.8,43.755889892578125,0.5263,0.3879
2022-07-31,23293.32,1678.12,283.4,42.400203704833984,0.5161,0.3792
2022-08-01,23268.01,1630.28,283.2,41.78648376464844,0.5124,0.3791
2022-08-02,22987.79,1630.91,283.8,39.7545051574707,0.4963,0.3714
2022-08-03,22818.37,1618.16,297.5,38.54441833496094,0.5005,0.3695
2022-08-04,22622.98,1607.96,311.8,38.83067321777344,0.4997,0.371
2022-08-05,23312.42,1736.81,315.9,40.561031341552734,0.5174,0.3764
2022-08-06,22954.21,1690.6,315.2,40.0570068359375,0.5112,0.3715
2022-08-07,23174.39,1700.19,322.8,40.6055908203125,0.5276,0.3722
2022-08-08,23810.0,1777.05,324.9,42.17055130004883,0.5371,0.3787
2022-08-09,23149.95,1702.76,324.4,40.37262344360352,0.5129,0.3672
2022-08-10,23954.05,1853.57,328.8,42.365867614746094,0.5374,0.3814
2022-08-11,23934.39,1880.19,323.6,42.8217887878418,0.5303,0.3802
2022-08-12,24403.68,1958.28,327.9,45.33475875854492,0.5402,0.3796
2022-08-13,24441.38,1983.55,324.3,46.485347747802734,0.5593,0.378
2022-08-14,24305.24,1935.31,317.6,44.91656875610352,0.5695,0.3757
2022-08-15,24094.82,1899.06,319.5,43.82322311401367,0.5499,0.3751
2022-08-16,23854.74,1876.67,316.1,43.15880584716797,0.557,0.377
2022-08-17,23342.66,1834.25,306.9,40.403053283691406,0.5384,0.3795
2022-08-18,23191.2,1846.39,298.1,39.54523086547851,0.5119,0.3704
2022-08-19,20834.39,1609.01,279.1,35.8902587890625,0.45,0.3344
2022-08-20,21140.07,1576.04,283.7,35.26973342895508,0.4508,0.3368
2022-08-21,21515.61,1618.13,301.9,36.533199310302734,0.4626,0.3449
2022-08-22,21399.83,1624.66,300.0,35.47438049316406,0.4615,0.344
2022-08-23,21529.12,1665.41,299.3,35.6462516784668,0.4658,0.3472
2022-08-24,21368.08,1656.56,296.4,34.957916259765625,0.4578,0.3456
2022-08-25,21559.04,1695.11,301.2,35.316463470458984,0.4645,0.3491
2022-08-26,20241.05,1508.18,279.6,31.726362228393555,0.4316,0.3393
2022-08-27,20037.6,1491.06,277.9,31.54243278503418,0.4499,0.3346
2022-08-28,19555.61,1426.76,276.5,30.39228630065918,0.4293,0.3224
2022-08-29,20285.73,1551.8,285.9,32.46529769897461,0.4504,0.3337
2022-08-30,19811.66,1524.59,281.6,31.41205596923828,0.4531,0.3267
2022-08-31,20050.02,1554.1,279.2,31.47295570373535,0.4462,0.3277
2022-09-01,20131.46,1586.16,278.3,31.585678100585938,0.4575,0.3331
2022-09-02,19951.86,1575.35,277.5,31.227930068969727,0.4543,0.3314
2022-09-03,19831.9,1557.46,277.8,31.10948371887207,0.4803,0.3297
2022-09-04,20000.3,1579.28,279.1,32.106956481933594,0.5035,0.3317
2022-09-05,19796.84,1617.8,276.9,32.19464874267578,0.4984,0.3329
2022-09-06,18790.61,1559.01,262.5,30.891742706298828,0.4625,0.3212
2022-09-07,19292.84,1630.0,278.9,32.71091842651367,0.4787,0.3369
2022-09-08,19319.77,1635.37,280.5,33.608646392822266,0.479,0.3396
2022-09-09,21360.11,1718.23,293.4,34.73976516723633,0.5022,0.3568
2022-09-10,21648.34,1774.12,296.7,35.12672805786133,0.5121,0.3573
2022-09-11,21826.87,1766.11,295.3,34.96596145629883,0.5098,0.3552
2022-09-12,22395.74,1716.37,294.1,37.4241828918457,0.5012,0.3598
2022-09-13,20173.57,1574.4,277.4,33.430816650390625,0.4635,0.3326
2022-09-14,20226.71,1638.39,279.3,34.09157180786133,0.4809,0.3415
2022-09-15,19701.88,1472.75,271.1,33.04768371582031,0.4662,0.3261
2022-09-16,19803.3,1433.9,274.9,32.208858489990234,0.4746,0.3552
2022-09-17,20113.62,1468.83,279.1,33.75077819824219,0.4859,0.3762
2022-09-18,19416.18,1334.51,266.2,31.05985450744629,0.4477,0.3576
2022-09-19,19537.02,1375.98,271.9,32.685302734375,0.4527,0.3848
2022-09-20,18875.0,1322.93,266.3,31.433040618896484,0.4422,0.414
2022-09-21,18461.36,1245.78,264.0,30.826377868652344,0.4389,0.3936
2022-09-22,19401.63,1326.46,275.3,32.408905029296875,0.4584,0.4862
2022-09-23,19289.91,1327.25,276.7,33.6766357421875,0.4618,0.5069
2022-09-24,18920.5,1317.13,274.4,33.462650299072266,0.4511,0.4878
2022-09-25,18807.38,1294.63,274.3,32.33536148071289,0.4464,0.4917
2022-09-26,19227.82,1336.17,276.1,33.88055419921875,0.4473,0.4683
2022-09-27,19079.13,1328.02,272.3,32.75012969970703,0.4411,0.4457
2022-09-28,19412.82,1337.2,281.6,33.23543930053711,0.4361,0.4489
2022-09-29,19591.51,1335.7,284.1,33.952449798583984,0.4381,0.4877
2022-09-30,19422.61,1328.72,284.8,33.21244430541992,0.4347,0.4799
2022-10-01,19310.95,1311.79,282.9,32.46939468383789,0.43,0.4754
2022-10-02,19056.8,1276.72,284.7,32.05569839477539,0.4194,0.4485
2022-10-03,19629.08,1323.09,286.9,32.967620849609375,0.4276,0.4621
2022-10-04,20337.82,1361.49,296.2,34.12247085571289,0.4355,0.4795
2022-10-05,20158.26,1352.2,294.2,34.073883056640625,0.4309,0.4887
2022-10-06,19960.67,1352.06,287.0,33.34281921386719,0.4288,0.4934
2022-10-07,19530.09,1331.1,282.3,33.00146484375,0.424,0.5177
2022-10-08,19417.96,1315.48,276.4,32.57793426513672,0.4219,0.517
2022-10-09,19439.02,1323.13,278.2,32.913883209228516,0.423,0.5325
2022-10-10,19131.87,1290.03,271.5,31.970834732055664,0.4012,0.4939
2022-10-11,19060.0,1280.11,271.4,30.77686882019043,0.3908,0.4861
2022-10-12,19155.53,1294.44,270.9,31.16548538208008,0.3814,0.4881
2022-10-13,19375.13,1287.08,271.6,30.544519424438477,0.3768,0.4791
2022-10-14,19176.93,1296.27,269.4,30.007417678833008,0.3667,0.4883
2022-10-15,19069.39,1274.92,268.2,29.575347900390625,0.3641,0.4818
2022-10-16,19262.98,1305.95,272.5,30.168840408325195,0.3703,0.4766
2022-10-17,19549.86,1331.4,275.6,31.224876403808594,0.3723,0.4804
2022-10-18,19327.44,1310.71,273.1,30.164331436157227,0.3624,0.4658
2022-10-19,19123.97,1285.09,272.0,28.900798797607425,0.3497,0.4504
2022-10-20,19041.92,1282.57,269.0,28.08509635925293,0.3402,0.4465
2022-10-21,19164.37,1299.75,270.1,28.10867691040039,0.3492,0.4614
2022-10-22,19204.35,1313.61,270.4,28.01386260986328,0.3513,0.4653
2022-10-23,19570.4,1364.2,276.0,29.27007102966309,0.3621,0.4688
2022-10-24,19329.72,1343.61,274.1,28.3100643157959,0.3573,0.4529
2022-10-25,20080.07,1459.74,284.2,30.93997573852539,0.4,0.4605
2022-10-26,20771.59,1566.1,290.2,31.28472137451172,0.403,0.4689
2022-10-27,20295.11,1514.05,286.7,30.630624771118164,0.3884,0.4615
2022-10-28,20591.84,1554.41,297.9,32.111263275146484,0.4044,0.4744
2022-10-29,20809.67,1619.55,304.4,32.85712814331055,0.42,0.4701
2022-10-30,20627.48,1590.44,313.5,32.9659309387207,0.4056,0.4582
2022-10-31,20490.74,1572.69,325.7,32.61103820800781,0.4055,0.4641
2022-11-01,20483.62,1578.48,323.9,32.2484245300293,0.4011,0.4636
2022-11-02,20151.84,1518.34,320.2,30.788076400756836,0.3856,0.4497
2022-11-03,20207.82,1531.01,329.5,30.84387969970703,0.3895,0.4548
2022-11-04,21148.52,1644.78,354.6,33.780853271484375,0.4216,0.5064
2022-11-05,21299.37,1626.98,349.2,36.76576232910156,0.4264,0.493
2022-11-06,20905.58,1568.29,337.9,32.6835823059082,0.4021,0.4709
2022-11-07,20591.13,1568.1,337.0,29.60134506225586,0.4041,0.4648
2022-11-08,18547.23,1334.77,327.4,24.152936935424805,0.3722,0.4059
2022-11-09,15922.81,1102.73,267.3,13.94085693359375,0.3175,0.3331
2022-11-10,17601.15,1299.28,304.0,17.681407928466797,0.3687,0.3942
2022-11-11,17070.31,1289.28,290.4,16.326745986938477,0.3556,0.3843
2022-11-12,16812.08,1257.25,282.8,14.53900146484375,0.3397,0.3636
2022-11-13,16329.85,1221.49,276.4,13.164528846740724,0.3298,0.3408
2022-11-14,16619.46,1243.28,279.0,14.00135612487793,0.3323,0.3776
2022-11-15,16900.57,1253.23,277.0,14.301294326782228,0.3373,0.3888
2022-11-16,16662.76,1216.17,271.8,14.285508155822754,0.332,0.3752
2022-11-17,16692.56,1200.43,267.9,13.638734817504885,0.325,0.3819
2022-11-18,16700.45,1212.58,274.1,13.247496604919434,0.326,0.3829
2022-11-19,16700.68,1217.67,272.6,12.851014137268066,0.328,0.3841
2022-11-20,16280.23,1142.21,264.2,12.252833366394045,0.312,0.3608
2022-11-21,15781.29,1107.34,253.9,11.846208572387695,0.3046,0.3645
2022-11-22,16226.94,1139.6,266.7,12.435625076293944,0.3126,0.3757
2022-11-23,16603.11,1184.52,298.8,14.35151195526123,0.3185,0.3815
2022-11-24,16598.95,1203.73,300.2,14.582350730895996,0.3163,0.4018
2022-11-25,16522.14,1199.3,300.8,14.063138008117676,0.3146,0.4078
2022-11-26,16458.57,1205.6,311.4,14.159193992614746,0.3138,0.396
2022-11-27,16428.78,1193.88,307.6,14.115766525268556,0.3126,0.3962
2022-11-28,16212.91,1167.77,293.5,13.404518127441406,0.3066,0.3888
2022-11-29,16442.53,1216.49,295.4,13.369733810424805,0.3092,0.3981
2022-11-30,17163.64,1294.46,300.6,14.115445137023926,0.3187,0.4078
2022-12-01,16977.37,1276.41,292.3,13.480968475341797,0.3145,0.3969
2022-12-02,17092.74,1295.59,293.4,13.7156400680542,0.3191,0.3961
2022-12-03,16885.2,1240.51,290.4,13.302457809448242,0.3196,0.3873
2022-12-04,17105.7,1279.41,291.8,13.718218803405762,0.3221,0.3895
2022-12-05,16966.35,1259.41,288.4,13.8311128616333,0.3193,0.3893
2022-12-06,17088.96,1271.32,290.2,14.288854598999023,0.3183,0.3914
2022-12-07,16836.64,1231.18,284.2,13.5196533203125,0.3102,0.3835
2022-12-08,17224.1,1280.18,290.4,13.68922233581543,0.3145,0.3941
2022-12-09,17128.56,1263.1,286.0,13.580187797546388,0.3118,0.3889
2022-12-10,17127.49,1266.35,288.2,13.576995849609377,0.3126,0.3865
2022-12-11,17085.05,1263.01,284.4,13.427809715270996,0.3074,0.3809
2022-12-12,17209.83,1275.4,276.1,13.318544387817385,0.3069,0.3874
2022-12-13,17774.7,1320.69,272.2,13.833986282348633,0.3142,0.3952
2022-12-14,17803.15,1307.44,267.7,14.140525817871094,0.3079,0.3853
2022-12-15,17356.34,1266.54,258.8,14.02151107788086,0.3003,0.378
2022-12-16,16632.12,1166.83,231.2,12.266606330871582,0.2632,0.3511
2022-12-17,16776.52,1187.16,242.1,12.504404067993164,0.2672,0.3545
2022-12-18,16738.21,1183.06,251.0,12.41312026977539,0.2659,0.3499
2022-12-19,16438.88,1167.82,240.4,11.932655334472656,0.2529,0.3389
2022-12-20,16895.56,1216.94,251.4,12.28051471710205,0.2587,0.3482
2022-12-21,16824.67,1213.78,246.2,12.128985404968262,0.2534,0.3449
2022-12-22,16821.43,1217.71,245.8,11.794829368591309,0.2566,0.3492
2022-12-23,16778.5,1219.99,246.2,11.786166191101074,0.2594,0.3543
2022-12-24,16836.12,1220.41,244.5,11.444275856018066,0.2592,0.3517
2022-12-25,16832.11,1218.51,243.2,11.387903213500977,0.2591,0.3457
2022-12-26,16919.39,1228.11,244.3,11.306611061096191,0.2652,0.3658
2022-12-27,16706.36,1211.55,246.7,11.085430145263672,0.2603,0.3675
2022-12-28,16547.31,1190.15,244.5,9.755906105041504,0.2482,0.3558
2022-12-29,16633.47,1200.49,246.3,9.651782989501951,0.244,0.3421
2022-12-30,16607.48,1199.99,245.8,9.880176544189451,0.2458,0.3451
2022-12-31,16542.4,1196.13,246.3,9.96103858947754,0.2458,0.3389
2023-01-01,16616.75,1200.34,244.4,9.982172966003418,0.2499,0.3387
2023-01-02,16672.87,1214.0,245.2,11.272967338562012,0.2538,0.3482
2023-01-03,16675.18,1214.55,246.1,13.344045639038086,0.2529,0.3436
2023-01-04,16850.36,1256.9,258.9,13.435112953186035,0.2678,0.3472
2023-01-05,16831.85,1251.24,256.7,13.419329643249512,0.2692,0.338
2023-01-06,16950.65,1269.14,259.9,13.52584171295166,0.2786,0.3443
2023-01-07,16943.57,1264.07,261.3,13.092267990112305,0.2768,0.3442
2023-01-08,17127.83,1290.16,274.9,14.31993293762207,0.2974,0.3452
2023-01-09,17178.26,1320.39,272.6,16.30246353149414,0.3168,0.349
2023-01-10,17440.66,1335.62,277.1,16.19672393798828,0.3222,0.3507
2023-01-11,17943.26,1389.39,284.8,16.35941505432129,0.323,0.3728
2023-01-12,18846.62,1415.92,287.7,16.619043350219727,0.3293,0.3748
2023-01-13,19930.01,1451.2,293.7,18.28844451904297,0.3456,0.3858
2023-01-14,20954.92,1549.9,305.1,24.24945831298828,0.3525,0.3953
2023-01-15,20871.5,1552.52,302.2,22.873306274414062,0.3507,0.3845
2023-01-16,21185.65,1576.94,299.0,23.577564239501953,0.3504,0.3855
2023-01-17,21134.81,1565.57,299.4,22.884063720703125,0.3455,0.3868
2023-01-18,20677.47,1511.43,286.7,20.85063362121582,0.3264,0.3782
2023-01-19,21071.59,1551.09,294.6,21.42676544189453,0.3379,0.3928
2023-01-20,22667.21,1658.52,305.1,25.54827117919922,0.3652,0.4129
2023-01-21,22783.55,1626.66,299.0,24.627838134765625,0.3687,0.4034
2023-01-22,22707.88,1627.44,303.0,24.232789993286133,0.3764,0.4004
2023-01-23,22916.45,1626.29,305.1,24.357807159423828,0.375,0.4234
2023-01-24,22632.89,1555.97,300.3,22.795673370361328,0.3587,0.4078
2023-01-25,23060.94,1611.94,306.9,24.57144546508789,0.3732,0.417
2023-01-26,23009.65,1601.09,304.7,24.350696563720703,0.3796,0.4092
2023-01-27,23074.16,1597.62,308.0,24.40785789489746,0.3898,0.4128
2023-01-28,23022.6,1572.1,306.1,23.981801986694336,0.3819,0.4078
2023-01-29,23742.3,1644.72,317.2,26.132387161254883,0.3975,0.4134
2023-01-30,22826.15,1566.2,307.2,23.94632148742676,0.3725,0.3934
2023-01-31,23125.13,1585.33,312.0,23.952547073364254,0.3902,0.4057
2023-02-01,23732.66,1641.68,317.0,24.993358612060547,0.397,0.4131
2023-02-02,23488.94,1643.12,323.5,24.265058517456055,0.3981,0.4098
2023-02-03,23431.9,1663.52,332.2,24.680896759033203,0.4038,0.4117
2023-02-04,23326.84,1666.38,330.4,24.31774520874023,0.3994,0.4106
2023-02-05,22932.91,1629.02,327.8,23.493438720703125,0.3923,0.3984
2023-02-06,22762.52,1614.29,324.3,22.706388473510746,0.3823,0.392
2023-02-07,23240.46,1671.03,333.0,23.861356735229492,0.3989,0.4036
2023-02-08,22963.0,1650.43,328.2,23.192670822143555,0.3942,0.3975
2023-02-09,21796.35,1545.35,306.2,20.45212745666504,0.3622,0.3819
2023-02-10,21625.19,1513.06,305.8,20.130109786987305,0.3581,0.3817
2023-02-11,21862.55,1538.51,310.4,20.830095291137695,0.3684,0.3833
2023-02-12,21783.54,1514.83,312.6,21.489978790283203,0.3641,0.3747
2023-02-13,21773.97,1505.24,294.3,20.79010009765625,0.3593,0.3703
2023-02-14,22199.84,1555.71,296.2,21.824953079223633,0.3867,0.3819
2023-02-15,24324.05,1674.92,317.4,23.883901596069336,0.419,0.4011
2023-02-16,23517.72,1637.84,304.4,22.285951614379883,0.3874,0.3841
2023-02-17,24569.97,1693.87,313.0,23.166757583618164,0.4033,0.395
2023-02-18,24631.95,1691.62,316.5,23.478591918945312,0.406,0.3943
2023-02-19,24271.76,1679.75,311.5,24.84075164794922,0.3995,0.3863
2023-02-20,24842.2,1703.27,315.4,26.181386947631836,0.4038,0.3984
2023-02-21,24452.16,1659.76,311.5,24.948558807373047,0.3925,0.3919
2023-02-22,24182.21,1643.14,312.4,24.18134880065918,0.3888,0.3953
2023-02-23,23940.2,1650.53,308.3,23.900800704956055,0.3824,0.3882
2023-02-24,23185.29,1607.8,302.3,23.053035736083984,0.3658,0.3783
2023-02-25,23157.07,1594.58,302.4,22.523399353027344,0.362,0.3778
2023-02-26,23554.85,1641.36,308.7,23.256088256835938,0.3691,0.3779
2023-02-27,23492.09,1633.45,304.6,22.692588806152344,0.3647,0.3785
2023-02-28,23141.57,1605.23,301.4,21.9163875579834,0.3517,0.3762
2023-03-01,23628.97,1665.22,302.7,22.506431579589844,0.3601,0.3835
2023-03-02,23465.32,1647.86,299.8,21.984878540039062,0.3504,0.3772
2023-03-03,22354.34,1569.45,290.4,21.39935302734375,0.3431,0.3774
2023-03-04,22346.57,1566.73,289.6,20.96683883666992,0.3366,0.3735
2023-03-05,22430.24,1564.58,288.7,20.97858428955078,0.337,0.3668
2023-03-06,22410.0,1565.84,287.8,20.635011672973633,0.3305,0.3695
2023-03-07,22197.96,1561.96,289.3,20.244731903076172,0.3306,0.3801
2023-03-08,21705.44,1532.38,287.1,18.42119407653809,0.3175,0.3889
2023-03-09,20362.22,1437.32,277.1,17.308147430419922,0.3101,0.3706
2023-03-10,20150.69,1426.44,277.4,18.243642807006836,0.3149,0.37
2023-03-11,20455.73,1471.97,276.0,18.22584342956543,0.3051,0.3638
2023-03-12,21997.11,1580.33,288.1,20.310531616210938,0.3298,0.3714
2023-03-13,24113.48,1673.45,307.9,20.43371200561523,0.3433,0.3724
2023-03-14,24670.41,1699.4,308.4,20.92803382873535,0.3429,0.3724
2023-03-15,24285.66,1649.96,306.3,19.29098129272461,0.3241,0.3589
2023-03-16,24998.78,1673.73,329.4,19.73054313659668,0.3249,0.3647
2023-03-17,27395.13,1789.27,338.9,21.62910270690918,0.3494,0.3798
2023-03-18,26907.49,1758.84,331.0,21.19590187072754,0.3371,0.3739
2023-03-19,27972.87,1780.68,336.7,21.90340232849121,0.3448,0.3857
2023-03-20,27717.01,1732.78,332.5,22.176464080810547,0.3321,0.3734
2023-03-21,28105.47,1801.23,334.4,22.618267059326172,0.3696,0.4696
2023-03-22,27250.97,1734.33,321.1,21.480485916137695,0.3596,0.4213
2023-03-23,28295.41,1813.79,329.4,22.216777801513672,0.3715,0.4438
2023-03-24,27454.47,1749.57,322.1,20.678855895996097,0.3596,0.4259
2023-03-25,27462.95,1741.88,322.4,20.446645736694336,0.3514,0.4429
2023-03-26,27968.05,1773.88,328.6,20.97551918029785,0.3557,0.4479
2023-03-27,27124.91,1715.22,310.6,19.921674728393555,0.3455,0.479
2023-03-28,27261.07,1772.99,313.2,20.4706974029541,0.3681,0.5144
2023-03-29,28348.6,1793.07,313.7,21.111467361450195,0.3811,0.5425
2023-03-30,28028.53,1793.61,316.4,20.55104637145996,0.3761,0.5319
2023-03-31,28465.36,1821.52,316.9,21.170495986938477,0.3989,0.5374
2023-04-01,28452.73,1820.79,314.9,20.97564125061035,0.3919,0.5095
2023-04-02,28171.87,1794.51,313.7,20.536975860595703,0.3815,0.518
2023-04-03,27800.0,1810.51,308.8,20.443050384521484,0.3872,0.4959
2023-04-04,28165.47,1870.37,310.8,20.924619674682617,0.3894,0.5026
2023-04-05,28170.01,1908.69,313.9,20.966007232666016,0.3923,0.5055
2023-04-06,28033.82,1872.41,312.3,20.61012840270996,0.3829,0.5028
2023-04-07,27906.33,1863.72,310.3,20.469940185546875,0.3835,0.5126
2023-04-08,27938.38,1848.82,310.5,20.036449432373047,0.3853,0.5048
2023-04-09,28323.76,1858.92,312.8,20.29946517944336,0.3894,0.5054
2023-04-10,29637.34,1910.2,318.5,20.88235664367676,0.3971,0.5176
2023-04-11,30200.42,1889.86,322.3,23.018827438354492,0.4014,0.5167
2023-04-12,29888.07,1917.39,319.9,23.985305786132812,0.4047,0.5049
2023-04-13,30373.84,2012.01,324.7,24.432308197021484,0.4251,0.5125
2023-04-14,30466.93,2099.99,328.9,24.772722244262695,0.4381,0.5227
2023-04-15,30295.09,2090.6,333.0,24.07937812805176,0.4522,0.5192
2023-04-16,30304.65,2118.67,347.7,25.361927032470703,0.4513,0.5209
2023-04-17,29430.27,2074.0,340.0,24.55884552001953,0.4341,0.5109
2023-04-18,30380.01,2103.5,343.1,24.852689743041992,0.4435,0.5324
2023-04-19,28797.1,1933.73,322.4,22.71283531188965,0.4163,0.4911
2023-04-20,28243.65,1942.98,318.1,22.181440353393555,0.4007,0.4752
2023-04-21,27262.84,1848.78,321.2,21.278135299682617,0.3824,0.4491
2023-04-22,27816.85,1874.16,332.2,21.81628799438477,0.3956,0.4719
2023-04-23,27590.6,1862.0,330.7,21.480138778686523,0.3886,0.4647
2023-04-24,27510.93,1841.84,331.2,21.391069412231445,0.3835,0.4611
2023-04-25,28300.79,1866.1,338.4,21.92725372314453,0.3945,0.4695
2023-04-26,28415.29,1866.01,330.6,21.28301239013672,0.4014,0.4618
2023-04-27,29472.77,1908.68,330.9,22.34011459350586,0.4101,0.4667
2023-04-28,29311.7,1890.94,324.1,23.366287231445312,0.4043,0.4796
2023-04-29,29230.45,1907.8,321.9,23.18299674987793,0.4024,0.478
2023-04-30,29233.21,1870.09,337.5,22.832014083862305,0.3956,0.4705
2023-05-01,28068.26,1830.73,328.5,21.98663330078125,0.3868,0.4649
2023-05-02,28669.86,1870.08,321.5,22.264978408813477,0.3916,0.4645
2023-05-03,29026.16,1905.12,325.9,22.218002319335938,0.394,0.4632
2023-05-04,28838.16,1877.07,323.8,21.730348587036133,0.3873,0.4608
2023-05-05,29505.61,1993.3,326.5,22.82611083984375,0.3942,0.4671
2023-05-06,28848.2,1896.33,321.9,21.974262237548828,0.3787,0.4582
2023-05-07,28430.1,1870.4,321.0,21.844228744506836,0.376,0.449
2023-05-08,27668.79,1847.56,313.8,20.65746307373047,0.3653,0.4283
2023-05-09,27628.27,1846.52,312.1,20.68364524841309,0.3633,0.4289
2023-05-10,27598.75,1840.84,314.3,20.953710556030273,0.3693,0.4303
2023-05-11,26968.62,1794.3,307.5,20.234880447387695,0.3598,0.4207
2023-05-12,26795.01,1807.45,308.5,20.911794662475582,0.3705,0.4305
2023-05-13,26775.28,1795.11,310.7,20.86876106262207,0.3646,0.424
2023-05-14,26917.62,1799.21,312.1,20.953397750854492,0.3711,0.4253
2023-05-15,27162.14,1816.2,313.4,21.00718879699707,0.3669,0.4273
2023-05-16,27033.84,1824.21,311.4,20.679420471191406,0.3682,0.4425
2023-05-17,27405.61,1822.12,314.3,21.06839942932129,0.3755,0.4484
2023-05-18,26821.28,1800.56,309.3,20.348695755004883,0.3714,0.4596
2023-05-19,26880.26,1812.32,308.9,20.349870681762695,0.3681,0.4675
2023-05-20,27102.43,1819.42,310.6,20.285446166992188,0.3662,0.4685
2023-05-21,26747.78,1804.91,306.4,19.609437942504883,0.3602,0.4575
2023-05-22,26849.27,1817.35,309.0,19.54204559326172,0.3679,0.4618
2023-05-23,27219.61,1854.05,313.5,20.043182373046875,0.3704,0.4651
2023-05-24,26329.01,1799.89,306.0,19.223663330078125,0.3638,0.453
2023-05-25,26473.79,1805.6,304.5,19.260662078857425,0.3581,0.4538
2023-05-26,26705.92,1827.79,306.8,19.36695671081543,0.3626,0.4684
2023-05-27,26854.27,1829.89,307.4,20.425233840942383,0.3667,0.4714
2023-05-28,28065.0,1908.64,314.1,20.7985782623291,0.3828,0.482
2023-05-29,27736.4,1892.6,311.6,20.586509704589844,0.3786,0.4946
2023-05-30,27694.4,1900.59,311.5,21.25408363342285,0.3779,0.5205
2023-05-31,27210.35,1873.63,306.8,20.82450294494629,0.3744,0.5166
2023-06-01,26817.93,1861.78,304.9,20.50221824645996,0.3644,0.5065
2023-06-02,27242.59,1906.68,307.2,21.25759506225586,0.3782,0.5244
2023-06-03,27069.22,1892.06,306.6,21.15556526184082,0.3759,0.5188
2023-06-04,27115.21,1890.01,305.0,21.8189754486084,0.3773,0.5359
2023-06-05,25728.2,1810.5,276.9,20.07505989074707,0.3514,0.509
2023-06-06,27230.08,1884.64,281.2,20.398483276367188,0.3531,0.53
2023-06-07,26339.34,1832.13,259.3,18.6342830657959,0.3223,0.5183
2023-06-08,26498.61,1845.64,262.0,18.90947532653809,0.3228,0.5236
2023-06-09,26477.81,1840.37,260.5,17.37969970703125,0.2951,0.538
2023-06-10,25841.21,1751.53,238.7,15.65610122680664,0.2747,0.5067
2023-06-11,25925.55,1752.76,235.4,15.558775901794434,0.272,0.5208
2023-06-12,25905.19,1742.57,231.3,15.196707725524902,0.2748,0.5251
2023-06-13,25934.25,1740.12,244.2,15.018193244934082,0.2752,0.5192
2023-06-14,25128.6,1650.95,237.9,14.486572265625,0.2633,0.4801
2023-06-15,25598.49,1666.96,236.4,14.759472846984863,0.262,0.4801
2023-06-16,26345.0,1717.92,239.3,15.30825424194336,0.2632,0.4759
2023-06-17,26516.99,1727.76,244.5,15.650521278381348,0.2667,0.4794
2023-06-18,26339.97,1720.95,244.1,15.43823528289795,0.261,0.4868
2023-06-19,26844.35,1737.11,243.1,16.073041915893555,0.2634,0.4936
2023-06-20,28307.99,1791.99,247.7,16.635231018066406,0.2705,0.4929
2023-06-21,29993.89,1889.11,248.8,17.25704574584961,0.2862,0.4999
2023-06-22,29884.92,1872.01,240.8,16.642620086669922,0.2899,0.4938
2023-06-23,30688.5,1892.63,244.3,17.149534225463867,0.2966,0.4961
2023-06-24,30527.43,1874.96,236.4,16.652862548828125,0.2892,0.4865
2023-06-25,30462.66,1898.8,238.8,16.97138023376465,0.2921,0.4903
2023-06-26,30267.99,1858.97,236.1,16.27002716064453,0.2805,0.479
2023-06-27,30692.44,1889.58,237.5,16.61964988708496,0.2867,0.4838
2023-06-28,30077.41,1828.02,230.6,15.98684310913086,0.2669,0.4647
2023-06-29,30447.31,1851.99,233.1,17.970457077026367,0.2752,0.4747
2023-06-30,30472.0,1933.79,240.3,18.897321701049805,0.2869,0.4729
2023-07-01,30585.9,1924.5,247.9,18.683902740478516,0.2924,0.4732
2023-07-02,30617.03,1937.48,246.5,19.453594207763672,0.2916,0.4845
2023-07-03,31156.2,1955.54,246.5,19.240537643432617,0.2967,0.489
2023-07-04,30766.51,1936.2,242.5,19.14322853088379,0.2924,0.4872
2023-07-05,30504.81,1910.36,238.9,18.99286460876465,0.2839,0.4777
2023-07-06,29895.43,1846.17,232.2,19.72938537597656,0.2784,0.4622
2023-07-07,30344.7,1870.91,235.6,21.484664916992188,0.2844,0.4687
2023-07-08,30284.63,1865.24,236.3,21.85926818847656,0.2907,0.4704
2023-07-09,30160.71,1862.8,234.1,21.3490047454834,0.2844,0.468
2023-07-10,30411.57,1880.4,246.2,21.31377601623535,0.2878,0.478
2023-07-11,30622.1,1878.3,248.6,22.092933654785156,0.2927,0.4753
2023-07-12,30380.0,1871.82,243.9,21.977602005004883,0.289,0.471
2023-07-13,31454.23,2004.49,256.1,26.02569580078125,0.3567,0.8153
2023-07-14,30312.01,1937.83,248.1,26.7357177734375,0.3277,0.7179
2023-07-15,30289.52,1931.41,251.1,27.391355514526367,0.326,0.7145
2023-07-16,30231.99,1922.11,242.3,27.384082794189453,0.3146,0.7468
2023-07-17,30138.0,1911.2,244.1,26.872766494750977,0.3118,0.7374
2023-07-18,29859.13,1897.21,240.2,25.544504165649418,0.3095,0.7779
2023-07-19,29909.21,1888.63,240.8,26.372352600097656,0.3226,0.8199
2023-07-20,29800.0,1891.59,242.8,25.375167846679688,0.3161,0.7942
2023-07-21,29901.72,1891.73,243.7,25.544267654418945,0.3127,0.7713
2023-07-22,29794.0,1866.52,241.1,24.535053253173828,0.31,0.7331
2023-07-23,30083.75,1888.73,242.5,24.766815185546875,0.3171,0.7384
2023-07-24,29176.5,1850.0,238.9,23.38149070739746,0.3053,0.7021
2023-07-25,29228.91,1857.66,237.7,23.279321670532227,0.3037,0.7089
2023-07-26,29351.96,1872.0,239.0,25.17705345153809,0.3069,0.7161
2023-07-27,29222.78,1861.28,240.6,25.099336624145508,0.3077,0.7139
2023-07-28,29314.14,1874.19,241.9,24.84685707092285,0.3099,0.712
2023-07-29,29352.9,1880.46,242.4,25.168973922729492,0.313,0.7121
2023-07-30,29281.09,1861.79,242.5,24.26101875305176,0.3156,0.7046
2023-07-31,29232.25,1856.14,241.0,23.720956802368164,0.307,0.6976
2023-08-01,29705.99,1873.47,247.7,23.99875259399414,0.3103,0.7069
2023-08-02,29186.01,1839.9,240.7,23.145721435546875,0.2993,0.685
2023-08-03,29193.64,1835.81,241.1,22.636049270629883,0.2922,0.663
2023-08-04,29113.99,1830.23,241.7,22.79361915588379,0.2935,0.6356
2023-08-05,29072.13,1836.48,243.2,22.632204055786133,0.2938,0.6288
2023-08-06,29088.42,1830.28,243.2,23.18569564819336,0.2923,0.624
2023-08-07,29211.06,1829.1,242.1,23.068756103515625,0.291,0.6236
2023-08-08,29770.42,1856.3,245.2,24.211763381958008,0.2974,0.6418
2023-08-09,29581.99,1855.35,243.8,24.37852668762207,0.3013,0.6433
2023-08-10,29455.75,1852.47,241.5,24.613052368164062,0.2965,0.6331
2023-08-11,29426.03,1848.84,239.7,24.582860946655273,0.2933,0.6318
2023-08-12,29430.17,1849.93,240.3,24.90673065185547,0.2919,0.6276
2023-08-13,29303.84,1840.73,240.2,24.24288558959961,0.2894,0.6256
2023-08-14,29430.93,1845.5,240.4,25.142822265625,0.2906,0.6343
2023-08-15,29200.0,1828.98,236.7,23.89658546447754,0.282,0.6104
2023-08-16,28730.51,1807.81,232.0,22.811975479125977,0.2747,0.5889
2023-08-17,26623.41,1681.49,218.1,21.70997428894043,0.2553,0.5064
2023-08-18,26054.0,1661.59,216.1,21.335493087768555,0.264,0.5062
2023-08-19,26100.01,1669.67,216.8,21.879037857055664,0.2688,0.5199
2023-08-20,26189.99,1685.24,216.5,21.77327537536621,0.2703,0.5384
2023-08-21,26126.92,1667.55,210.4,21.20825958251953,0.2628,0.5245
2023-08-22,26056.0,1634.99,210.9,20.546541213989254,0.2588,0.521
2023-08-23,26432.72,1679.61,216.6,21.703624725341797,0.2681,0.5301
2023-08-24,26180.05,1661.16,219.0,21.033031463623047,0.2659,0.5187
2023-08-25,26060.01,1653.8,218.4,20.392719268798828,0.2612,0.5258
2023-08-26,26017.37,1647.04,216.5,20.280424118041992,0.261,0.5231
2023-08-27,26101.77,1658.33,218.4,20.78683853149414,0.2634,0.5236
2023-08-28,26120.0,1653.08,218.8,20.557100296020508,0.2676,0.5232
2023-08-29,27716.34,1729.42,226.9,21.780763626098633,0.2726,0.5398
2023-08-30,27299.99,1705.23,223.8,20.834903717041016,0.2654,0.5284
2023-08-31,25940.78,1645.76,216.7,19.735092163085938,0.2554,0.511
2023-09-01,25805.05,1629.12,213.7,19.327844619750977,0.2551,0.498
2023-09-02,25869.51,1637.03,214.4,19.493743896484375,0.2562,0.4988
2023-09-03,25971.21,1635.84,214.4,19.578746795654297,0.2559,0.5047
2023-09-04,25826.02,1630.51,215.2,19.499408721923828,0.2561,0.5087
2023-09-05,25792.1,1634.45,214.6,20.272384643554688,0.2578,0.5056
2023-09-06,25759.95,1633.15,215.2,19.62002944946289,0.2577,0.5033
2023-09-07,26255.0,1648.11,217.1,19.89049911499023,0.2579,0.505
2023-09-08,25910.5,1636.44,214.7,19.599044799804688,0.2544,0.505
2023-09-09,25901.61,1635.54,214.1,19.44607162475586,0.2533,0.5038
2023-09-10,25841.61,1617.42,212.4,18.24883079528809,0.249,0.4969
2023-09-11,25162.52,1551.85,206.1,17.739166259765625,0.2421,0.4744
2023-09-12,25840.1,1592.97,210.7,17.929826736450195,0.2455,0.4804
2023-09-13,26222.0,1607.62,212.5,18.402999877929688,0.2487,0.4832
2023-09-14,26522.73,1626.47,212.2,18.838306427001953,0.2513,0.4892
2023-09-15,26600.0,1641.29,214.1,19.16884422302246,0.2505,0.5005
2023-09-16,26559.67,1634.4,214.9,19.140369415283203,0.2503,0.4998
2023-09-17,26527.51,1622.48,216.5,18.831628799438477,0.2471,0.4925
2023-09-18,26762.51,1636.66,216.0,19.657245635986328,0.2516,0.503
2023-09-19,27210.26,1643.12,217.2,20.03618812561035,0.2548,0.514
2023-09-20,27125.0,1622.26,214.4,20.3049373626709,0.2517,0.5212
2023-09-21,26568.08,1583.94,210.8,19.47907066345215,0.2449,0.5071
2023-09-22,26580.14,1593.08,211.1,19.43814468383789,0.2449,0.5122
2023-09-23,26575.96,1593.86,210.5,19.47390365600586,0.2461,0.5076
2023-09-24,26248.38,1580.71,208.3,19.374290466308594,0.2427,0.5021
2023-09-25,26304.81,1588.33,209.9,19.40414047241211,0.2459,0.5056
2023-09-26,26221.67,1594.01,212.6,19.023286819458008,0.2455,0.5019
2023-09-27,26372.99,1598.64,212.0,19.130022048950195,0.2446,0.4993
2023-09-28,27021.39,1652.99,215.0,19.957616806030273,0.2489,0.5098
2023-09-29,26906.96,1667.45,215.2,20.30065536499023,0.2494,0.5215
2023-09-30,26962.56,1670.89,214.6,21.3951473236084,0.254,0.5149
2023-10-01,27992.57,1733.79,218.2,23.83648681640625,0.2659,0.5241
2023-10-02,27494.51,1662.4,214.6,23.37170028686523,0.2591,0.5123
2023-10-03,27426.46,1656.88,213.5,23.55269432067871,0.261,0.539
2023-10-04,27778.57,1646.58,213.4,23.144786834716797,0.2589,0.5326
2023-10-05,27410.39,1611.79,210.6,22.694141387939453,0.2602,0.5227
2023-10-06,27931.09,1645.03,213.4,23.42445373535156,0.2646,0.5255
2023-10-07,27956.67,1633.57,212.3,23.28730201721191,0.2587,0.5216
2023-10-08,27917.05,1632.84,211.4,23.24642562866211,0.2563,0.5174
2023-10-09,27590.12,1580.13,205.8,22.118396759033203,0.2513,0.5027
2023-10-10,27390.12,1567.63,208.6,22.10511589050293,0.249,0.4965
2023-10-11,26875.52,1566.87,206.6,22.00741958618164,0.2481,0.4888
2023-10-12,26759.63,1539.61,205.1,21.300268173217773,0.246,0.483
2023-10-13,26862.0,1552.16,206.1,21.834917068481445,0.2458,0.4851
2023-10-14,26852.48,1554.94,206.5,22.01171875,0.247,0.4865
2023-10-15,27154.15,1557.77,209.7,21.922027587890625,0.2473,0.4874
2023-10-16,28500.78,1599.42,214.6,23.98295783996582,0.2513,0.4978
2023-10-17,28395.91,1565.01,211.4,23.959318161010746,0.2463,0.4912
2023-10-18,28320.0,1563.44,210.2,23.432138442993164,0.243,0.4878
2023-10-19,28713.71,1566.57,211.2,24.93791961669922,0.2469,0.5197
2023-10-20,29669.04,1603.89,212.1,27.033674240112305,0.2512,0.5149
2023-10-21,29909.8,1628.94,214.2,29.386228561401367,0.2586,0.5208
2023-10-22,29992.46,1663.7,217.8,29.03668212890625,0.2639,0.5226
2023-10-23,33069.99,1765.46,228.5,31.850984573364254,0.2807,0.5475
2023-10-24,33922.73,1784.98,225.2,30.15153694152832,0.2792,0.5588
2023-10-25,34496.05,1787.15,222.1,32.46306610107422,0.2808,0.5552
2023-10-26,34151.66,1803.38,223.2,32.77549362182617,0.2872,0.5533
2023-10-27,33892.02,1779.4,224.1,31.73969841003418,0.2893,0.543
2023-10-28,34081.0,1776.2,225.7,31.653318405151367,0.2909,0.5446
2023-10-29,34525.89,1795.14,227.1,32.822608947753906,0.2954,0.5561
2023-10-30,34474.73,1809.04,228.0,34.962337493896484,0.3031,0.578
2023-10-31,34639.77,1814.67,226.2,38.51951599121094,0.293,0.5996
2023-11-01,35421.43,1846.99,227.9,41.461544036865234,0.3071,0.6085
2023-11-02,34941.59,1800.8,231.9,40.20756912231445,0.323,0.6054
2023-11-03,34716.78,1832.71,230.2,39.51976013183594,0.3292,0.6121
2023-11-04,35062.07,1855.54,237.1,42.34659576416016,0.3278,0.6149
2023-11-05,35011.88,1891.71,244.0,41.23860168457031,0.3419,0.6607
2023-11-06,35046.09,1900.95,255.1,42.12858963012695,0.3624,0.7148
2023-11-07,35399.12,1885.27,246.2,43.09254455566406,0.3512,0.685
2023-11-08,35624.72,1888.12,246.7,43.18988800048828,0.3577,0.6869
2023-11-09,36701.09,2121.32,251.6,45.444828033447266,0.3684,0.6665
2023-11-10,37301.63,2077.72,251.0,56.64385223388672,0.3859,0.6595
2023-11-11,37130.0,2053.17,251.5,56.1026611328125,0.3844,0.6626
2023-11-12,37064.13,2044.68,247.4,56.15409851074219,0.3834,0.6613
2023-11-13,36462.93,2053.65,241.1,51.90705108642578,0.3568,0.6702
2023-11-14,35551.19,1979.39,242.3,56.838375091552734,0.3579,0.6296
2023-11-15,37858.2,2058.48,253.7,65.5344009399414,0.3788,0.6481
2023-11-16,36163.51,1961.77,242.7,57.87140274047851,0.3706,0.6119
2023-11-17,36613.92,1960.82,244.9,58.41593551635742,0.3671,0.6133
2023-11-18,36568.1,1962.6,244.8,58.512725830078125,0.3772,0.6106
2023-11-19,37359.86,2011.47,246.4,61.393558502197266,0.384,0.6258
2023-11-20,37448.78,2021.4,253.1,56.53383255004883,0.3804,0.6122
2023-11-21,35741.65,1933.01,225.5,52.00047302246094,0.3566,0.5788
2023-11-22,37408.34,2063.21,236.1,57.58855819702149,0.3805,0.6109
2023-11-23,37294.28,2062.2,233.8,56.599369049072266,0.3873,0.6209
2023-11-24,37713.57,2080.84,232.7,56.86643981933594,0.3862,0.6212
2023-11-25,37780.67,2083.09,234.4,58.84648895263672,0.3941,0.6228
2023-11-26,37447.43,2062.33,231.7,57.6427001953125,0.3873,0.6157
2023-11-27,37242.7,2027.5,227.2,55.06462097167969,0.3777,0.6039
2023-11-28,37818.87,2048.14,229.6,58.19437026977539,0.3858,0.6107
2023-11-29,37854.64,2028.81,227.3,59.25012969970703,0.3816,0.6091
2023-11-30,37723.96,2051.96,227.6,59.24162292480469,0.3759,0.6063
2023-12-01,38682.52,2087.24,228.5,59.80399703979492,0.3844,0.6125
2023-12-02,39450.35,2164.74,229.0,63.83285903930664,0.3976,0.6208
2023-12-03,39972.26,2192.95,228.1,63.03996658325195,0.3949,0.6229
2023-12-04,41991.1,2243.37,233.5,61.526615142822266,0.4068,0.6245
2023-12-05,44073.32,2293.33,231.2,60.99483108520508,0.4257,0.621
2023-12-06,43762.69,2232.7,229.4,61.902957916259766,0.4429,0.64
2023-12-07,43273.14,2355.73,232.6,67.83782958984375,0.4555,0.6432
2023-12-08,44170.99,2358.72,238.9,75.00243377685547,0.5454,0.6721
2023-12-09,43713.6,2340.49,237.7,72.25760650634766,0.5791,0.6584
2023-12-10,43789.51,2352.39,239.8,74.70588684082031,0.5948,0.6617
2023-12-11,41253.4,2225.12,246.4,70.36717224121094,0.5507,0.6187
2023-12-12,41492.39,2203.46,254.6,68.54067993164062,0.5784,0.6192
2023-12-13,42869.03,2260.16,252.0,70.76778411865234,0.6675,0.6275
2023-12-14,43022.26,2315.32,253.3,75.62033081054688,0.6433,0.6316
2023-12-15,41940.3,2220.5,244.9,72.36898803710938,0.6004,0.6156
2023-12-16,42278.03,2228.96,244.4,73.47350311279297,0.6078,0.6203
2023-12-17,41374.65,2196.52,238.8,71.00051879882812,0.5804,0.6103
2023-12-18,42657.8,2219.43,241.7,74.34716033935547,0.6021,0.6125
2023-12-19,42275.99,2177.91,252.9,72.9897689819336,0.5761,0.6047
2023-12-20,43668.93,2202.17,260.3,82.19123077392578,0.5894,0.6171
2023-12-21,43861.8,2239.61,272.1,93.85481262207033,0.6351,0.6241
2023-12-22,43969.04,2324.54,271.1,98.00369262695312,0.6226,0.6244
2023-12-23,43702.16,2308.2,271.0,107.59423065185548,0.613,0.6195
2023-12-24,42991.5,2264.05,264.5,112.48521423339844,0.5919,0.6121
2023-12-25,43576.13,2271.35,266.9,121.1464614868164,0.6242,0.6462
2023-12-26,42508.93,2230.88,297.7,112.6767349243164,0.6087,0.6219
2023-12-27,43428.85,2378.35,324.1,107.02379608154295,0.6334,0.634
2023-12-28,42563.76,2344.15,322.6,102.10456848144533,0.6158,0.6346
2023-12-29,42066.95,2299.2,313.7,106.31151580810548,0.6083,0.623
2023-12-30,42140.28,2291.68,317.1,101.84508514404295,0.6011,0.6207
2023-12-31,42283.58,2281.87,311.8,101.50582122802734,0.594,0.6156
